,Timestamp,DPIT-301/AI1/PV.CV %,DPIT-303/AI1/PV.CV %,DPIT-304/AI1/PV.CV %,DPIT-306/AI1/PV.CV %,DPIT-307/AI1/PV.CV %,DPIT-309/AI1/PV.CV %,DPIT-311-WHART/AI1/PV.CV no units,feb5c2df-3e8d-4e9e-a32b-1b39f835b531 ,FIT-321/AI1/OUT.CV lb/min,FIT-321/AI1/PV.CV lb/min,FIT-321/AI3/OUT.CV GPM,FIT-323/MASS/OUT.CV l/min,FIT-323/VOL/OUT.CV no units,FSC-300-01/CALC1/OUT2.CV No EngUnits,FSC-300-01/MTR_FREQ/PV.CV Hz,LIT-353/AI1/PV.CV inH2O,LIT-354-WHART/AI1/PV.CV in,LIT-373/AI1/PV.CV inH2O,LIT-374-WHART/AI1/PV.CV in,PIT-313/AI1/PV.CV psi,PIT-314/AI1/PV.CV psia,PIT-331/AI1/PV.CV %,PIT-332/AI1/PV.CV psi,TIT-333/AI1/PV.CV %,TIT-334/AI1/PV.CV %,ZIT-321-STAT/CLOSED/PV_D.CV No EngUnits,ZIT-322-STAT/CLOSED/PV_D.CV No EngUnits,ZIT-323-STAT/CLOSED/PV_D.CV No EngUnits,ZIT-324-STAT/CLOSED/PV_D.CV No EngUnits,ZIT-325-STAT/CLOSED/PV_D.CV No EngUnits,ZIT-326-STAT/CLOSED/PV_D.CV No EngUnits
0,2021-09-09 14:00:00-04:00,-2.69598484,-2.687261343,5.760386944,11.63323402,-0.025916751,-0.178186536,0,Pt Created,-0.057155937,-0.070177712,No Data,0,0,0,0,26.02197647,0,19.77080536,20.85543633,2.778205156,0,2.778211832,3.165088415,71.91474152,71.5981369,0,0,0,0,0,0
1,2021-09-09 14:00:30-04:00,-2.6970644,-2.688346386,5.760400772,11.63483906,-0.0259168,-0.178188905,0,Pt Created,-0.066275351,-0.070235975,No Data,0,0,0,0,26.01890182,0,19.7692852,20.85316658,2.779088974,0,2.775793076,3.16601491,71.91672516,71.60003662,0,0,0,0,0,0
2,2021-09-09 14:01:00-04:00,-2.698143959,-2.689431429,5.7604146,11.63644409,-0.025916846,-0.178191274,0,Pt Created,-0.250443667,-0.070294231,No Data,0,0,0,0,26.01582718,0,19.76776314,20.85089874,2.779972792,0,2.773374557,3.166941404,71.91870117,71.60194397,0,0,0,0,0,0
3,2021-09-09 14:01:30-04:00,-2.699223518,-2.690516233,5.760428429,11.63804913,-0.025916895,-0.178193644,0,Pt Created,-0.229685336,-0.070352495,No Data,0,0,0,0,26.01275253,0,19.76624298,20.848629,2.780856609,0,2.770955801,3.167868137,71.92068481,71.60384369,0,0,0,0,0,0
4,2021-09-09 14:02:00-04:00,-2.700303078,-2.691601276,5.760442257,11.63965416,-0.025916943,-0.178196013,0,Pt Created,-0.111566097,-0.070410751,No Data,0,0,0,0,26.00967598,0,19.76472092,20.84636116,2.781740427,0,2.768537045,3.168794632,71.92266083,71.60574341,0,0,0,0,0,0
5,2021-09-09 14:02:30-04:00,-2.701382399,-2.692686081,5.760455608,11.64125919,-0.025916992,-0.178198382,0,Pt Created,-0.097490177,-0.070469014,No Data,0,0,0,0,26.00660133,0,19.76320076,20.84409142,2.782624245,0,2.766118288,3.169721365,71.92464447,71.60765076,0,0,0,0,0,0
6,2021-09-09 14:03:00-04:00,-2.702461958,-2.693771124,5.760469437,11.64286423,-0.02591704,-0.178200766,0,Pt Created,-0.107143864,-0.070527278,No Data,0,0,0,0,26.00352669,0,19.7616806,20.84182358,2.783508062,0,2.763699532,3.17064786,71.92662811,71.60955048,0,0,0,0,0,0
7,2021-09-09 14:03:30-04:00,-2.703541517,-2.694855928,5.760483265,11.64446926,-0.025917089,-0.178203136,0,Pt Created,-0.19176808,-0.070585534,No Data,0,0,0,0,26.00045204,0,19.76015854,20.83955574,2.784392118,0,2.761280775,3.171574354,71.92860413,71.61145782,0,0,0,0,0,0
8,2021-09-09 14:04:00-04:00,-2.704621077,-2.695940971,5.760497093,11.6460743,-0.025917137,-0.178205505,0,Pt Created,-0.265079796,-0.070643798,No Data,0,0,0,0,25.9973774,0,19.75863838,20.837286,2.785275936,0,2.758862019,3.172501087,71.93058777,71.61335754,0,0,0,0,0,0
9,2021-09-09 14:04:30-04:00,-2.705700636,-2.697025776,5.760510921,11.64767933,-0.025917185,-0.178207874,0,Pt Created,-0.112410717,-0.070702054,No Data,0,0,0,0,25.99430275,0,19.75711632,20.83501816,2.786159754,0,2.756443262,3.173427582,71.93257141,71.61526489,0,0,0,0,0,0
10,2021-09-09 14:05:00-04:00,-2.706780195,-2.698110819,5.76052475,11.64928532,-0.025917234,-0.178210244,0,Pt Created,-0.117549837,-0.070760317,No Data,0,0,0,0,25.9912281,0,19.75559616,20.83274841,2.787043571,0,2.754024506,3.174354076,71.93454742,71.61716461,0,0,0,0,0,0
11,2021-09-09 14:05:30-04:00,-2.707859516,-2.699195862,5.760538578,11.65089035,-0.025917282,-0.178212613,0,Pt Created,-0.1985441,-0.070818581,No Data,0,0,0,0,25.98815346,0,19.754076,20.83048058,2.787927389,0,2.751605749,3.175280809,71.93653107,71.61907196,0,0,0,0,0,0
12,2021-09-09 14:06:00-04:00,-2.708939075,-2.700280666,5.760552406,11.65249538,-0.025917331,-0.178214982,0,Pt Created,-0.155196875,-0.070876837,No Data,0,0,0,0,25.98507881,0,19.75255394,20.82821083,2.788811207,0,2.749187231,3.176207304,71.93850708,71.62097168,0,0,0,0,0,0
13,2021-09-09 14:06:30-04:00,-2.710018635,-2.701365709,5.760566235,11.65410042,-0.025917379,-0.178217351,0,Pt Created,-0.098809622,-0.0709351,No Data,0,0,0,0,25.98200417,0,19.75103378,20.82594299,2.789695024,0,2.746768475,3.177133799,71.94049072,71.62287903,0,0,0,0,0,0
14,2021-09-09 14:07:00-04:00,-2.711098194,-2.702450514,5.760580063,11.65570545,-0.025917428,-0.178219721,0,Pt Created,0.028945858,-0.070993356,No Data,0,0,0,0,25.97892761,0,19.74951172,20.82367516,2.790578842,0,2.744349718,3.178060532,71.94247437,71.62477875,0,0,0,0,0,0
15,2021-09-09 14:07:30-04:00,-2.712177753,-2.703535557,5.760593414,11.65731049,-0.025917474,-0.17822209,0,Pt Created,-0.152512297,-0.07105162,No Data,0,0,0,0,25.97585297,0,19.74799156,20.82140541,2.791462898,0,2.741930962,3.178987026,71.94445038,71.6266861,0,0,0,0,0,0
16,2021-09-09 14:08:00-04:00,-2.713257313,-2.704620361,5.760607243,11.65891552,-0.025917523,-0.178224459,0,Pt Created,-0.054095864,-0.071109883,No Data,0,0,0,0,25.97277832,0,19.74647141,20.81913757,2.792346716,0,2.739512205,3.179913521,71.94643402,71.62858582,0,0,0,0,0,0
17,2021-09-09 14:08:30-04:00,-2.714336634,-2.705705404,5.760621071,11.66052055,-0.025917571,-0.178226829,0,Pt Created,-0.122212082,-0.07116814,No Data,0,0,0,0,25.96970367,0,19.74494934,20.81686783,2.793230534,0,2.737093449,3.180840254,71.94841766,71.63049316,0,0,0,0,0,0
18,2021-09-09 14:09:00-04:00,-2.715416193,-2.706790209,5.760634899,11.66212559,-0.025917619,-0.178229198,0,Pt Created,-0.30699417,-0.071226403,No Data,0,0,0,0,25.96662903,0,19.74342918,20.81459999,2.794114351,0,2.734674692,3.181766748,71.95039368,71.63239288,0,0,0,0,0,0
19,2021-09-09 14:09:30-04:00,-2.716495752,-2.707875252,5.760648727,11.66373062,-0.025917668,-0.178231567,0,Pt Created,-0.097026765,-0.071284659,No Data,0,0,0,0,25.96355438,0,19.74190712,20.81233025,2.794998169,0,2.732255936,3.182693481,71.95237732,71.63430023,0,0,0,0,0,0
20,2021-09-09 14:10:00-04:00,-2.717575312,-2.708960295,5.760662556,11.66533566,-0.025917716,-0.178233951,0,Pt Created,-0.215511739,-0.071342923,No Data,0,0,0,0,25.96047974,0,19.74038696,20.81006241,2.795881987,0,2.729837179,3.183619976,71.95435333,71.63619995,0,1,0,1,1,1
21,2021-09-09 14:10:30-04:00,-2.718654871,-2.710045099,5.760676384,11.66694069,-0.025917765,-0.178236321,0,Pt Created,-0.113793366,-0.071401186,No Data,0,0,0,0,25.95740509,0,19.7388649,20.80779266,2.796765804,0,2.727418423,3.184546471,71.95633698,71.6381073,0,1,0,1,1,1
22,2021-09-09 14:11:00-04:00,-2.71973443,-2.711130142,5.760690212,11.66854572,-0.025917813,-0.17823869,0,Pt Created,-0.146247134,-0.071459442,No Data,0,0,0,0,25.95433044,0,19.73734474,20.80552483,2.797649622,0,2.724999666,3.185473204,71.95832062,71.64000702,0,1,0,1,1,1
23,2021-09-09 14:11:30-04:00,-2.720813751,-2.712214947,5.760704041,11.67015076,-0.025917862,-0.178241059,0,Pt Created,-0.075322352,-0.071517706,No Data,0,0,0,0,25.9512558,0,19.73582458,20.80325699,2.79853344,0,2.722581148,3.186399698,71.96029663,71.64191437,0,1,0,1,1,1
24,2021-09-09 14:12:00-04:00,-2.721893311,-2.71329999,5.760717392,11.67175579,-0.02591791,-0.178243428,0,Pt Created,0.014548593,-0.071575962,No Data,0,0,0,0,25.94817924,0,19.73430252,20.80098724,2.799417496,0,2.720162392,3.187326193,71.96228027,71.64381409,0,1,0,1,1,1
25,2021-09-09 14:12:30-04:00,-2.72297287,-2.714384794,5.76073122,11.67336082,-0.025917958,-0.178245798,0,Pt Created,-0.084852964,-0.071634226,No Data,0,0,0,0,25.9451046,0,19.73278236,20.79871941,2.800301313,0,2.717743635,3.188252926,71.96426392,71.64572144,0,1,0,1,1,1
26,2021-09-09 14:13:00-04:00,-2.724052429,-2.715469837,5.760745049,11.67496586,-0.025918007,-0.178248167,0,Pt Created,-0.048884936,-0.071692489,No Data,0,0,0,0,25.94202995,0,19.7312603,20.79644966,2.801185131,0,2.715324879,3.18917942,71.96623993,71.64762115,0,1,0,1,1,1
27,2021-09-09 14:13:30-04:00,-2.725131989,-2.716554642,5.760758877,11.67657089,-0.025918055,-0.178250536,0,Pt Created,-0.046288799,-0.071750745,No Data,0,0,0,0,25.93895531,0,19.72974014,20.79418182,2.802068949,0,2.712906122,3.190105915,71.96822357,71.6495285,0,1,0,1,1,1
28,2021-09-09 14:14:00-04:00,-2.726211548,-2.717639685,5.760772705,11.67817593,-0.025918102,-0.178252906,0,Pt Created,-0.093691513,-0.071809009,No Data,0,0,0,0,25.93588066,0,19.72821999,20.79191208,2.802952766,0,2.710487366,3.191032648,71.97019958,71.65142822,0,1,0,1,1,1
29,2021-09-09 14:14:30-04:00,-2.727290869,-2.718724728,5.760786533,11.67978096,-0.02591815,-0.178255275,0,Pt Created,-0.069011636,-0.071867272,No Data,0,0,0,0,25.93280602,0,19.72669792,20.78964424,2.803836584,0,2.708068609,3.191959143,71.97218323,71.65333557,0,1,0,1,1,1
30,2021-09-09 14:15:00-04:00,-2.728370428,-2.719809532,5.760800362,11.68138599,-0.025918199,-0.178257644,0,Pt Created,-0.181581751,-0.071925528,No Data,0,0,0,0,25.92973137,0,19.72517776,20.7873745,2.804720402,0,2.705649853,3.192885637,71.97416687,71.65523529,0,1,0,1,1,1
31,2021-09-09 14:15:30-04:00,-2.729449987,9.964562416,5.76081419,11.68299103,-0.025918247,-0.178260013,0,Pt Created,-0.161142558,-0.071983792,No Data,0,0,0,0,25.92665672,0,19.7236557,20.78510666,2.805604219,0,2.703231096,3.19381237,71.97614288,71.65713501,0,1,0,1,1,1
32,2021-09-09 14:16:00-04:00,5.740394115,138.9431152,5.760828018,11.68459606,-0.025918296,-0.178262383,0,Pt Created,-0.255372345,-0.072042048,No Data,0,0,0,0,25.92358208,0,19.72213554,20.78283882,2.806488276,0,2.70081234,3.194738865,71.97812653,71.65904236,0,1,0,1,1,1
33,2021-09-09 14:16:30-04:00,3.150491238,72.02306366,5.760841846,11.6862011,-0.025918344,-0.178264752,0,Pt Created,-0.118390918,-0.072100312,No Data,0,0,0,0,25.92050743,0,19.72061539,20.78056908,2.807372093,0,2.698393583,3.195665598,71.98010254,71.66094208,0,1,0,1,1,1
34,2021-09-09 14:17:00-04:00,-0.02998439,0.268120944,5.760855198,11.68780708,-0.025918392,-0.178267136,0,Pt Created,-0.086025223,-0.072158575,No Data,0,0,0,0,25.91743088,0,19.71909332,20.77830124,2.808255911,0,2.695975065,3.196592093,71.98208618,71.66284943,0,1,0,1,1,1
35,2021-09-09 14:17:30-04:00,-0.03276832,0.214557469,5.760869026,11.68941212,-0.025918441,-0.178269506,0,Pt Created,-0.02941576,-0.072216831,No Data,0,0,0,0,25.91435623,0,19.71757317,20.77603149,2.809139729,0,2.693556309,3.197518587,71.98406982,71.66474915,0,1,0,1,1,1
36,2021-09-09 14:18:00-04:00,-0.035552256,0.160993993,5.760882854,11.69101715,-0.025918489,-0.178271875,0,Pt Created,-0.098299295,-0.072275095,No Data,0,0,0,0,25.91128159,0,19.7160511,20.77376366,2.810023546,0,2.691137552,3.19844532,71.98604584,71.66665649,0,1,0,1,1,1
37,2021-09-09 14:18:30-04:00,-0.038336188,0.107430503,5.760896683,11.69262218,-0.025918538,-0.178274244,0,Pt Created,-0.305812359,-0.072333351,No Data,0,0,0,0,25.90820694,0,19.71453094,20.77149391,2.810907364,0,2.688718796,3.199371815,71.98802948,71.66855621,0,1,0,1,1,1
38,2021-09-09 14:19:00-04:00,-0.041120119,0.05386702,5.760910511,11.69422722,-0.025918586,-0.178276613,0,Pt Created,-0.088748537,-0.072391614,No Data,0,0,0,0,25.90513229,0,19.71301079,20.76922607,2.811791182,0,2.686300039,3.200298309,71.99001312,71.67046356,0,1,0,1,1,1
39,2021-09-09 14:19:30-04:00,-0.043904051,0.000303536,5.760924339,11.69583225,-0.025918635,-0.178278983,0,Pt Created,-0.085364625,-0.072449878,No Data,0,0,0,0,25.90205765,0,19.71148872,20.76695633,2.812674999,0,2.683881283,3.201225042,71.99198914,71.67236328,0,1,0,1,1,1
40,2021-09-09 14:20:00-04:00,3.80591917,104.6371841,5.760938168,11.69743729,2.754667521,2.195516586,0,Pt Created,53.61658478,41.49589539,No Data,0,0,0,47.98840714,25.898983,0,19.70996857,20.76468849,5.002439499,0,2.681462526,3.202151537,71.99397278,71.67427063,0,1,0,1,1,1
41,2021-09-09 14:20:30-04:00,5.76436758,281.9772034,5.760951996,11.69904232,5.015524864,4.8624506,0,Pt Created,53.70541763,53.53537369,No Data,0,0,0,47.95362473,25.89590836,0,19.7084465,20.76242065,25.70283318,0,2.67904377,26.52665901,71.99594879,71.67591858,0,1,0,1,1,1
42,2021-09-09 14:21:00-04:00,5.763652802,281.9972229,5.760965824,11.70064735,4.995285511,4.842323303,0,Pt Created,53.58869934,53.50393677,No Data,0,0,0,47.85500336,25.89283371,0,19.70692635,20.76015091,25.75278282,0,2.676625013,26.63681412,71.99793243,71.67591858,0,1,0,1,1,1
43,2021-09-09 14:21:30-04:00,5.762937546,243.4364471,5.760979176,11.70225239,4.477807045,4.2773633,0,Pt Created,44.81502533,44.93925476,No Data,0,0,0,40.91887283,25.88975906,0,19.70540428,20.75788307,19.74279976,0,2.674206257,20.47975731,71.99721527,71.67591858,0,1,0,1,1,1
44,2021-09-09 14:22:00-04:00,5.762222767,243.4786987,5.760993004,11.70385742,3.747226,3.546584606,0,Pt Created,44.94168854,44.9356308,No Data,0,0,0,40.91746902,25.88668251,0,19.70388412,20.75561333,19.73596954,0,2.6717875,20.47299576,71.99533844,71.67591858,0,1,0,1,1,1
45,2021-09-09 14:22:30-04:00,5.761507988,243.5209503,5.761006832,11.70546246,3.474114656,3.374930143,0,Pt Created,44.98274612,44.93200302,No Data,0,0,0,40.91606522,25.88360786,0,19.70236397,20.75334549,19.72913933,0,2.669368982,20.46623421,71.99346924,71.67591858,0,1,0,1,1,1
46,2021-09-09 14:23:00-04:00,5.760792732,243.5631866,5.76102066,11.70706749,3.397061348,3.37344408,0,Pt Created,44.96126175,44.92837906,No Data,0,0,0,40.91465759,25.88053322,0,19.7008419,20.75107574,19.72230911,0,2.666950226,20.45947266,71.99159241,71.67591858,0,1,0,1,1,1
47,2021-09-09 14:23:30-04:00,5.760077953,243.6054382,5.761034489,11.70867252,3.320008039,3.371957779,0,Pt Created,45.07079697,44.92475128,No Data,0,0,0,40.91325378,25.87745857,0,19.69932175,20.74880791,19.7154789,0,2.664531469,20.45271301,71.98972321,71.67591858,0,1,0,1,1,1
48,2021-09-09 14:24:00-04:00,5.759362698,243.6476898,5.761048317,11.71027756,3.242954969,3.370471716,0,Pt Created,44.89032364,44.92112732,No Data,0,0,0,40.91184998,25.87438393,0,19.69779968,20.74653816,19.70864868,0,2.662112713,20.44595146,71.98784637,71.67591858,0,1,0,1,1,1
49,2021-09-09 14:24:30-04:00,5.758647919,243.6899414,5.761062145,11.71188259,3.165901661,3.368985653,0,Pt Created,44.87887573,44.91749954,No Data,0,0,0,40.91044235,25.87130928,0,19.69627953,20.74427032,19.70181847,0,2.659693956,20.43918991,71.98597717,71.67591858,0,1,0,1,1,1
50,2021-09-09 14:25:00-04:00,5.75793314,243.7321777,5.761075974,11.71348763,3.088848352,3.367499352,0,Pt Created,44.94326401,44.91387558,No Data,0,0,0,40.90903854,25.86823463,0,19.69475937,20.74200249,19.69499016,0,2.6572752,20.43242836,71.98410034,71.67591858,0,1,0,1,1,1
51,2021-09-09 14:25:30-04:00,5.757217884,243.7744293,5.761089802,11.71509266,3.011795044,3.366013288,0,Pt Created,44.94011688,44.9102478,No Data,0,0,0,40.90763092,25.86515999,0,19.6932373,20.73973274,19.68815994,0,2.654856443,20.42566681,71.98222351,71.67591858,0,1,0,1,1,1
52,2021-09-09 14:26:00-04:00,5.756503105,243.8166809,5.76110363,11.71669769,2.934741974,3.364527225,0,Pt Created,44.9407959,44.90662384,No Data,0,0,0,40.90622711,25.86208534,0,19.69171715,20.7374649,19.68132973,0,2.652437687,20.41890526,71.98035431,71.67591858,0,1,0,1,1,1
53,2021-09-09 14:26:30-04:00,5.755788326,243.8589325,5.761116982,11.71830273,2.857688665,3.363040924,0,Pt Created,44.87696838,44.90299606,No Data,0,0,0,40.9048233,25.8590107,0,19.69019508,20.73519516,19.67449951,0,2.65001893,20.41214371,71.97847748,71.67591858,0,1,0,1,1,1
54,2021-09-09 14:27:00-04:00,5.755073071,243.9011688,5.76113081,11.71990776,2.780635357,3.361554861,0,Pt Created,44.74275208,44.8993721,No Data,0,0,0,40.90341568,25.85593414,0,19.68867493,20.73292732,19.6676693,0,2.647600174,20.40538216,71.97660828,71.67591858,0,1,0,1,1,1
55,2021-09-09 14:27:30-04:00,5.754358292,244.4821625,5.761144638,273.5846863,2.703582287,3.360068798,0,Pt Created,44.94670486,44.89574432,No Data,0,0,0,40.90201187,25.8528595,0,19.68715477,20.73065758,19.66083908,0,2.645181656,20.39862251,71.97473145,71.67591858,0,1,0,1,1,1
56,2021-09-09 14:28:00-04:00,5.753643036,245.1495514,5.761158466,277.4992371,2.626528978,3.358582497,0,Pt Created,44.88529205,44.89212036,No Data,0,0,0,40.90060806,25.84978485,0,19.68563271,20.72838974,19.65400887,0,2.642762899,20.39186096,71.97285461,71.67591858,0,1,0,1,1,1
57,2021-09-09 14:28:30-04:00,5.752928257,137.430954,5.761172295,277.1333923,2.29292345,1.05040884,0,Pt Created,0.541374862,15.82528496,No Data,0,0,0,0,25.84671021,0,19.68411255,20.72612,18.02814102,0,2.640344143,18.73043633,71.97098541,71.67591858,0,1,0,1,1,1
58,2021-09-09 14:29:00-04:00,-5.347889423,-24.41241264,5.761186123,276.7675781,-0.035583124,-0.186551169,0,Pt Created,-0.110903054,0.454180837,No Data,0,0,0,0,25.84363556,0,19.68259048,20.72385216,3.264202356,0,2.637925386,3.643398285,71.96910858,71.67591858,0,1,0,1,1,1
59,2021-09-09 14:29:30-04:00,-6.08703661,-84.91602325,5.761199951,276.4017334,-0.030468142,-0.179443493,0,Pt Created,-0.137935519,0.046515513,No Data,0,0,0,0,25.84056091,0,19.68107033,20.72158432,2.99199152,0,2.63550663,3.367616415,71.96723938,71.67591858,0,1,0,1,1,1
60,2021-09-09 14:30:00-04:00,-6.088799953,-80.01355743,5.761213779,276.0358887,-0.02535316,-0.172335804,0,Pt Created,1.319697857,-0.361149788,No Data,0,0,0,16.30000114,25.83748627,0,19.67955017,20.71931458,2.719780684,0,2.633087873,3.091834307,71.96536255,71.67591858,0,1,0,1,1,1
61,2021-09-09 14:30:30-04:00,5.205114841,228.6299133,5.761227608,275.6700745,3.011718512,2.885264635,0,Pt Created,35.26188278,41.12984848,No Data,0,0,0,40.89999771,25.83441162,0,19.67802811,20.71704674,12.785882,0,2.630669117,20.28551865,71.96348572,71.67591858,0,1,0,1,1,1
62,2021-09-09 14:31:00-04:00,5.199189186,113.0113525,5.761241436,275.3042297,2.975306988,2.842688799,0,Pt Created,35.27539444,35.30072021,No Data,0,0,0,40.89999771,25.83133698,0,19.67650795,20.71477699,19.50321579,0,2.62825036,20.22443581,71.96161652,71.67591858,0,1,0,1,1,1
63,2021-09-09 14:31:30-04:00,5.193263531,112.7779465,5.761254787,274.938385,2.938895702,2.800113201,0,Pt Created,35.37869644,35.25069427,No Data,0,0,0,40.89999771,25.04153442,0,19.67498589,20.71250916,19.41351128,0,2.625831604,20.16335106,71.95973969,71.67591858,0,1,0,1,1,1
64,2021-09-09 14:32:00-04:00,5.187337875,112.544548,5.761268616,274.5725708,2.902484179,2.757537365,0,Pt Created,35.2922287,35.20066452,No Data,0,0,0,40.89999771,24.09438515,0,19.67346573,20.71023941,19.32380867,0,2.623412848,20.10226631,71.95787048,71.67591858,0,1,0,1,1,1
65,2021-09-09 14:32:30-04:00,5.18141222,112.3111496,5.761282444,274.2067261,2.866072655,2.714961529,0,Pt Created,35.25912476,35.15063858,No Data,0,0,0,40.89999771,23.14723778,0,19.67194366,20.70797157,19.23410416,0,2.620994091,20.04118156,71.95599365,71.67591858,0,1,0,1,1,1
66,2021-09-09 14:33:00-04:00,5.175486565,112.0777435,5.761296272,273.8408813,2.829661131,2.672385693,0,Pt Created,35.08076096,35.10060883,No Data,0,0,0,40.89999771,22.20009041,0,19.67042351,20.70570183,19.14440155,0,2.618575573,19.98009682,71.95411682,71.67591858,0,1,0,1,1,1
67,2021-09-09 14:33:30-04:00,5.169560909,111.8443451,5.761310101,273.4750671,2.793249607,2.629810095,0,Pt Created,35.00966263,35.05057907,No Data,0,0,0,40.89999771,21.25294113,0,19.66890335,20.70343399,19.05469704,0,2.616156816,19.91901207,71.95224762,71.67591858,0,1,0,1,1,1
68,2021-09-09 14:34:00-04:00,5.163635254,111.610939,5.761323929,273.1092224,2.756838083,2.587234259,0,Pt Created,34.84432983,35.00055313,No Data,0,0,0,40.89999771,20.30579376,0,19.66738129,20.70116615,18.96499443,0,2.61373806,19.85792732,71.95037079,71.67591858,0,1,0,1,1,1
69,2021-09-09 14:34:30-04:00,5.157709599,111.3775406,5.761337757,272.7433777,2.720426559,2.544658422,0,Pt Created,35.07707977,34.95052338,No Data,0,0,0,40.89999771,19.35864639,0,19.66586113,20.69889641,18.87528992,0,2.611319304,19.79684258,71.94850159,71.67591858,0,1,0,1,1,1
70,2021-09-09 14:35:00-04:00,5.151783943,111.1441422,5.761351585,272.3775635,2.684015036,2.502082586,0,Pt Created,35.12479782,34.90049744,No Data,0,0,0,40.89999771,18.41149712,0,19.66433907,20.69662857,18.78558731,0,2.561514616,19.73575783,71.94662476,71.67591858,0,1,0,1,1,1
71,2021-09-09 14:35:30-04:00,5.145858288,110.9107361,5.761365414,272.0117188,2.647603512,2.459506989,0,Pt Created,34.87252045,34.85046768,No Data,0,0,0,40.89999771,17.46434975,0,19.66281891,20.69435883,18.6958828,0,2.50223279,19.67467499,71.94474792,71.67591858,0,1,0,1,1,1
72,2021-09-09 14:36:00-04:00,5.139932632,110.6773376,5.761378765,271.645874,2.611192226,2.416931152,0,Pt Created,34.9135704,34.80044174,No Data,0,0,0,40.89999771,16.51720238,0,19.66129875,20.69209099,18.60618019,0,2.442950726,19.61359024,71.94287872,71.67591858,0,1,0,1,1,1
73,2021-09-09 14:36:30-04:00,5.134007454,110.4439316,5.761392593,271.2800598,2.574780703,2.374355316,0,Pt Created,34.81630325,34.75041199,No Data,0,0,0,40.89999771,15.57005405,0,19.65977669,20.68982124,18.51647568,0,2.3836689,19.55250549,71.94100189,71.67591858,0,1,0,1,1,1
74,2021-09-09 14:37:00-04:00,5.128081799,110.2105331,5.761406422,270.9142151,2.538369179,2.33177948,0,Pt Created,34.82345581,34.70038223,No Data,0,0,0,40.89999771,14.62290573,0,19.65825653,20.68755341,18.42677116,0,2.324387074,19.49142075,71.93913269,71.67591858,0,1,0,1,1,1
75,2021-09-09 14:37:30-04:00,5.122156143,109.9771347,5.76142025,270.5483704,2.501957655,2.289203882,0,Pt Created,34.71102905,34.65035629,No Data,0,0,0,40.89999771,13.67575836,0,19.65673447,20.68528366,18.33706856,0,2.265105247,19.430336,71.93725586,71.67591858,0,1,0,1,1,1
76,2021-09-09 14:38:00-04:00,5.116230488,109.7437286,5.761434078,270.1825562,2.465546131,2.246628046,0,Pt Created,34.55493927,34.60032654,No Data,0,0,0,40.89999771,12.72861004,0,19.65521431,20.68301582,18.24736404,0,2.205823421,19.36925125,71.93538666,71.67591858,0,1,0,1,1,1
77,2021-09-09 14:38:30-04:00,5.110304832,109.5103302,5.761447906,269.8167114,2.429134607,2.20405221,0,Pt Created,34.61418533,34.5503006,No Data,0,0,0,40.89999771,11.78146172,0,19.65369415,20.68074799,18.15766144,0,2.146541595,19.3081665,71.93350983,71.67591858,0,1,0,1,1,1
78,2021-09-09 14:39:00-04:00,5.104379177,109.2769241,5.761461735,269.4508667,2.392723083,2.161476374,0,Pt Created,34.40872574,34.50027084,No Data,0,0,0,40.89999771,10.83431435,0,19.65217209,20.67847824,18.06795692,0,2.087259531,19.24708176,71.931633,71.67591858,0,1,0,1,1,1
79,2021-09-09 14:39:30-04:00,5.098453522,109.0435257,5.761475563,269.0850525,2.35631156,2.118900537,0,Pt Created,34.48274231,34.45024109,No Data,0,0,0,40.89999771,9.887166023,0,19.65065193,20.6762104,17.97825432,0,2.027977705,19.18599701,71.92976379,71.67591858,0,1,0,1,1,1
80,2021-09-09 14:40:00-04:00,5.092527866,108.8101196,5.761489391,268.7192078,2.319900036,2.07632494,0,Pt Created,34.45066071,34.40021515,No Data,0,0,0,40.89999771,8.9400177,0,19.64912987,20.67394066,17.8885498,0,1.968695879,19.12491417,71.92788696,71.67591858,0,1,0,1,1,1
81,2021-09-09 14:40:30-04:00,5.086602211,108.5767212,5.76150322,268.353363,2.28348875,2.033749104,0,Pt Created,34.3236084,34.35018539,No Data,0,0,0,40.89999771,7.992870331,0,19.64760971,20.67167282,17.7988472,0,1.909414053,19.06382942,71.92601776,71.67591858,0,1,0,1,1,1
82,2021-09-09 14:41:00-04:00,5.080676556,108.3433228,5.761516571,267.9875488,2.247077227,1.991173267,0,Pt Created,34.27500153,34.30015945,No Data,0,0,0,40.89999771,7.045722008,0,19.64608955,20.66940308,17.70914268,0,1.850132108,19.00274467,71.92414093,71.67591858,0,1,0,1,1,1
83,2021-09-09 14:41:30-04:00,5.0747509,108.1099167,5.761530399,267.6217041,2.210665703,1.94859755,0,Pt Created,34.22660065,34.2501297,No Data,0,0,0,40.89999771,6.098574162,0,19.64456749,20.66713524,17.61943817,0,1.790850282,18.94165993,71.9222641,71.67591858,0,1,0,1,1,1
84,2021-09-09 14:42:00-04:00,5.068825245,107.8765182,5.761544228,267.2558594,2.174254179,1.906021714,0,Pt Created,34.26638412,34.20010376,No Data,0,0,0,40.89999771,5.151426315,0,19.64304733,20.6648674,17.52973557,0,1.731568456,18.88057518,71.9203949,71.67591858,0,1,0,1,1,1
85,2021-09-09 14:42:30-04:00,5.06289959,107.6431122,5.761558056,266.8900452,2.137842655,1.863445997,0,Pt Created,34.18605804,34.15007401,No Data,0,0,0,40.89999771,4.204278469,0,19.64152527,20.66259766,17.44003105,0,1.67228651,18.81949043,71.91851807,71.67591858,0,1,0,1,1,1
86,2021-09-09 14:43:00-04:00,5.056973934,107.4097137,5.761571884,266.5242004,2.101431131,1.820870161,0,Pt Created,34.13840103,34.10004425,No Data,0,0,0,40.89999771,3.257130146,0,19.64000511,20.66032982,17.35032845,0,1.613004684,18.75840569,71.91664886,71.67591858,0,1,0,1,1,1
87,2021-09-09 14:43:30-04:00,5.051048279,107.1763153,5.761585712,266.1583557,2.065019608,1.778294444,0,Pt Created,33.9091835,34.05001831,No Data,0,0,0,40.89999771,3.165278673,0,19.63848305,20.65806007,17.26062393,0,1.553722739,18.69732094,71.91477203,71.67591858,0,1,0,1,1,1
88,2021-09-09 14:44:00-04:00,5.0451231,102.614624,5.761599541,265.7925415,1.921001554,1.735718608,0,Pt Created,-4.771876335,30.63659286,No Data,0,0,0,40.89999771,3.244486332,0,19.63696289,20.65579224,17.17092133,0,1.494440913,18.51037216,71.9128952,71.67591858,0,1,0,1,1,1
89,2021-09-09 14:44:30-04:00,5.039197445,12.91004658,5.761613369,265.4266968,-0.138037324,-0.246186882,0,Pt Created,-4.556380272,-5.050118446,No Data,0,0,0,40.89999771,3.323693991,0,19.63544273,20.65352249,1.767807722,0,1.071483016,2.696604013,71.911026,71.67591858,0,1,0,1,1,1
90,2021-09-09 14:45:00-04:00,3.605170488,3.051116467,5.761627197,265.0608521,-0.114725865,-0.244178236,0,Pt Created,0.864791155,4.359302998,No Data,0,0,0,0.969999969,3.402901649,0,19.63392067,20.65125465,-0.510000587,0,0.575789869,-0.133434862,71.90914917,71.67591858,0,1,0,1,1,1
91,2021-09-09 14:45:30-04:00,-3.903647184,-9.876951218,5.761640549,264.6950378,-0.091414407,-0.242169589,0,Pt Created,-0.297339737,1.442786455,No Data,0,0,0,0,3.482109308,0,19.63240051,20.64898491,-0.371100605,0,0.080096751,0.161258474,71.90727997,71.67591858,0,1,0,1,1,1
92,2021-09-09 14:46:00-04:00,-6.078358173,-15.03636837,5.761654377,264.3291931,-0.068102948,-0.240160942,0,Pt Created,-0.306625336,0.108356647,No Data,0,0,0,0,3.561316967,0,19.63087845,20.64671707,-0.232200623,0,0.236815825,0.45595181,71.90540314,71.67591858,0,1,0,1,1,1
93,2021-09-09 14:46:30-04:00,-6.081857681,-14.92882729,5.761668205,263.9633484,-0.044791494,-0.238152295,0,Pt Created,0.007401184,0.050490443,No Data,0,0,0,0,3.640524626,0,19.62935829,20.64444923,-0.093300633,0,0.524017334,0.750645101,71.90352631,71.67591858,0,1,0,1,1,1
94,2021-09-09 14:47:00-04:00,-6.085357189,-12.97713947,5.761682034,263.5975342,-0.021480035,-0.236143649,0,Pt Created,0.030741146,-0.007375763,No Data,0,0,0,0,3.719732523,0,19.62783813,20.64217949,0.045599356,0,0.811218858,1.045338511,71.9016571,71.67591858,0,1,0,1,1,1
95,2021-09-09 14:47:30-04:00,-6.088856697,-11.26040077,5.761695862,263.2316895,0.001831421,-0.234135002,0,Pt Created,-0.844672799,-0.06524197,No Data,0,0,0,0,3.798940182,0,19.62631607,20.63991165,0.184499353,0,1.098420382,1.340031743,71.89978027,71.67591858,0,1,0,1,1,1
96,2021-09-09 14:48:00-04:00,-4.008302689,-8.76721096,5.76170969,262.8658447,0.025142878,-0.23212637,0,Pt Created,-0.999069691,1.735536814,No Data,0,0,0,0,3.87814784,0,19.62479591,20.63764191,1.150645375,0,1.80235815,1.627008557,71.89791107,71.67591858,0,1,0,1,1,1
97,2021-09-09 14:48:30-04:00,-0.893444717,-0.712349236,5.761723518,262.5000305,0.048454333,-0.230117723,0,Pt Created,-0.087186947,-0.028881941,No Data,0,0,0,0,3.957355499,0,18.85645103,20.44158936,2.226246834,0,3.196699142,1.690206528,71.89603424,71.67591858,0,1,0,1,1,1
98,2021-09-09 14:49:00-04:00,-0.77450639,-0.645210683,5.761737347,262.1341858,0.071765788,-0.228109077,0,Pt Created,-0.307605982,-0.035633061,No Data,0,0,0,0,5.299520969,0,17.70469475,19.27661514,2.247709274,0,3.197762489,1.753404379,71.89415741,71.67591858,0,1,0,1,1,1
99,2021-09-09 14:49:30-04:00,-0.655568063,-0.578072131,5.761751175,261.7683716,0.095077246,-0.22610043,0,Pt Created,-0.147947878,-0.042384177,No Data,0,0,0,0,6.894278049,0,16.55294037,18.11163902,2.269171953,0,3.198825836,1.81660223,71.89228821,71.67591858,0,1,0,1,1,1
100,2021-09-09 14:50:00-04:00,-0.536629736,-0.510933578,5.761765003,261.4025269,0.118388705,-0.224091783,0,Pt Created,-0.174130514,-0.049135298,No Data,0,0,0,0,8.489035606,0,15.40118408,16.94666481,2.290634394,0,3.199889183,1.8798002,71.89041138,71.67591858,0,1,0,1,1,1
101,2021-09-09 14:50:30-04:00,-0.41769141,-0.443795025,5.761778355,261.0366821,0.141700163,-0.222083136,0,Pt Created,-0.190408856,-0.055886414,No Data,0,0,0,0,10.08379269,0,14.2494278,15.78168964,2.312097073,0,3.200952768,1.942998052,71.88854218,71.67591858,0,1,0,1,1,1
102,2021-09-09 14:51:00-04:00,-0.298753083,-0.376656473,5.761792183,260.6708679,0.165011615,-0.22007449,0,Pt Created,-0.162137151,-0.06263753,No Data,0,0,0,0,11.73018265,0,13.09767246,14.61671543,2.333559513,0,3.202016115,2.006196022,71.88666534,71.67591858,0,1,0,1,1,1
103,2021-09-09 14:51:30-04:00,-0.179814756,-0.30951792,5.761806011,260.3050232,0.188323081,-0.218065843,0,Pt Created,-0.190414816,-0.06938865,No Data,0,0,0,0,13.42820454,0,12.34331894,13.65215111,2.355021954,0,3.203079462,2.069393873,71.88479614,71.67591858,0,1,0,1,1,1
104,2021-09-09 14:52:00-04:00,-0.060876433,-0.107662871,5.761819839,259.9391785,0.211634532,-0.216057211,0,Pt Created,-0.102016032,-0.07613977,No Data,0,0,0,0,15.12622738,0,12.38376999,13.68963909,2.376484632,0,3.204142809,2.132591724,71.88291931,71.67591858,0,1,0,1,1,1
105,2021-09-09 14:52:30-04:00,0.148771226,0.151927814,5.761833668,259.5733643,0.234945983,-0.214048564,0,Pt Created,0.48993817,1.273718119,No Data,0,0,0,0,16.82424927,0,12.42422199,13.72712708,2.397947073,0,3.205206156,2.195789576,71.88104248,71.67591858,0,1,0,1,1,1
106,2021-09-09 14:53:00-04:00,0.403773546,0.411518484,5.761847496,259.2075195,0.258257449,-0.212039918,0,Pt Created,-0.100203656,-0.207066938,No Data,0,0,0,0,18.52227211,0,12.46467304,13.76461601,2.419409752,0,3.206269503,2.258987427,71.87917328,71.67591858,0,1,0,1,1,1
107,2021-09-09 14:53:30-04:00,0.658775866,0.67110914,5.761861324,258.8416748,0.281568915,-0.210031271,0,Pt Created,0.012471988,-0.200730681,No Data,0,0,0,0,20.22029495,0,12.50512505,13.802104,2.440872192,0,3.20733285,2.322185278,71.87729645,71.67591858,0,1,0,1,1,1
108,2021-09-09 14:54:00-04:00,0.913778186,0.930699825,5.761875153,258.4758606,0.304880351,-0.208022624,0,Pt Created,-0.186672986,-0.194394425,No Data,0,0,0,0,21.91831589,0,12.5455761,13.83959293,2.462334871,0,3.208396435,2.385383368,71.87542725,71.67591858,0,1,0,1,1,1
109,2021-09-09 14:54:30-04:00,1.168780565,1.19029057,5.761888981,258.1100159,0.328191817,-0.206013978,0,Pt Created,-0.067715831,-0.188058153,No Data,0,0,0,0,23.61633873,0,12.5860281,13.87708092,2.483797312,0,3.209459782,2.448581219,71.87355042,71.67591858,0,1,0,1,1,1
110,2021-09-09 14:55:00-04:00,1.423782825,1.449881196,5.761902332,257.7441711,0.351503283,-0.204005331,0,Pt Created,-0.159044519,-0.181721896,No Data,0,0,0,0,25.31436157,0,12.62647915,13.9145689,2.505259752,0,3.210523129,2.51177907,71.87167358,71.67591858,0,1,0,1,1,1
111,2021-09-09 14:55:30-04:00,1.678785205,1.709471941,5.761916161,257.3783569,0.374814719,-0.201996699,0,Pt Created,-0.104035072,-0.175385624,No Data,0,0,0,0,27.01238441,0,12.66693115,13.95205784,2.526722431,0,3.211586475,2.574976921,71.86980438,71.67591858,0,1,0,1,1,1
112,2021-09-09 14:56:00-04:00,1.933787465,1.969062567,5.761929989,257.0125122,0.398126185,-0.199988052,0,Pt Created,-0.094817117,-0.169049367,No Data,0,0,0,0,27.86122513,0,12.7073822,13.98954582,2.548184872,0,3.212649822,2.638174772,71.86792755,71.67591858,0,1,0,1,1,1
113,2021-09-09 14:56:30-04:00,2.188789845,2.228653193,5.761943817,256.6466675,0.421437651,-0.197979406,0,Pt Created,-0.049370218,-0.16271311,No Data,0,0,0,0,27.86088562,0,13.67797089,14.27119827,2.569647551,0,3.213713169,2.701372623,71.86605835,71.67591858,0,1,0,1,1,1
114,2021-09-09 14:57:00-04:00,2.443792105,2.488243818,5.761957645,256.2808533,0.444749087,-0.195970759,0,Pt Created,-0.236965805,-0.156376839,No Data,0,0,0,0,27.86054611,0,15.11362934,15.77367115,2.591109991,0,3.214776516,2.764570475,71.86418152,71.67591858,0,1,0,1,1,1
115,2021-09-09 14:57:30-04:00,2.698794603,2.747834682,5.761971474,255.9150085,0.468060553,-0.193962112,0,Pt Created,-0.172953203,-0.150040582,No Data,0,0,0,0,27.8602066,0,16.54928589,17.27614403,2.61257267,0,3.215840101,2.827768564,71.86230469,71.67591858,0,1,0,1,1,1
116,2021-09-09 14:58:00-04:00,2.953796864,3.007425308,5.761985302,255.5491791,0.491372019,-0.191953465,0,Pt Created,-0.136674926,-0.14370431,No Data,0,0,0,0,27.8598671,0,17.98494339,18.77861786,2.63403511,0,3.216903448,2.890966415,71.86043549,71.67591858,0,1,0,1,1,1
117,2021-09-09 14:58:30-04:00,3.208799124,3.267015934,5.76199913,255.1833344,0.514683485,-0.189944819,0,Pt Created,-0.057974502,-0.137368053,No Data,0,0,0,0,27.85952759,0,19.42060089,20.28108978,2.655497551,0,3.217966795,2.954164267,71.85855865,71.67591858,0,1,0,1,1,1
118,2021-09-09 14:59:00-04:00,3.463801384,3.52660656,5.762012959,254.8175049,0.537994921,-0.187936172,0,Pt Created,-0.123983666,-0.131031781,No Data,0,0,0,0,27.85918808,0,20.8562603,21.78356361,2.67696023,0,3.219030142,3.017362118,71.85668945,71.67591858,0,1,0,1,1,1
119,2021-09-09 14:59:30-04:00,3.718803883,3.786197424,5.762026787,254.4516754,0.561306357,-0.18592754,0,Pt Created,-0.156171575,-0.124695525,No Data,0,0,0,0,27.85884857,0,22.2919178,23.28603554,2.69842267,0,3.220093489,3.080559969,71.85481262,71.67591858,0,1,0,1,1,1
120,2021-09-09 15:00:00-04:00,3.973806143,4.045787811,5.762040138,254.0858307,0.584617853,-0.183918893,0,Pt Created,-0.033775698,-0.11835926,No Data,0,0,0,0,27.85850906,0,23.7275753,24.78850937,2.719885349,0,3.221156836,3.14375782,71.85293579,71.67591858,0,1,0,1,1,1
121,2021-09-09 15:00:30-04:00,4.228808403,4.305378914,5.762053967,253.7200012,0.607929289,-0.181910247,0,Pt Created,1.803404689,1.056614876,No Data,0,0,0,0,27.85816956,0,24.20611763,25.5399704,2.74134779,0,3.222220182,3.206955671,71.85106659,71.67591858,0,1,0,1,1,1
122,2021-09-09 15:01:00-04:00,4.483810902,4.56496954,5.762067795,253.3541718,0.631240726,-0.1799016,0,Pt Created,-0.072173364,-0.138797343,No Data,0,0,0,0,27.85783005,0,24.20610428,25.54042244,2.762810469,0,3.223283768,3.270153761,71.84918976,71.67591858,0,1,0,1,1,1
123,2021-09-09 15:01:30-04:00,4.738812923,131.2539673,5.762081623,252.988327,1.806535244,1.691915512,0,Pt Created,39.37694168,19.13536644,No Data,0,0,0,40.89999771,27.85749054,0,24.20608902,25.54087448,12.44692039,0,3.224347115,11.21797562,71.84732056,71.67591858,0,1,0,1,1,1
124,2021-09-09 15:02:00-04:00,4.993815422,222.1221008,5.762095451,252.6224976,3.817292213,3.573090792,0,Pt Created,44.08521271,42.95288086,No Data,0,0,0,40.89999771,27.85715103,0,24.20607567,25.54132652,17.40511894,0,3.225410461,18.11556625,71.72491455,71.67591858,0,1,0,1,1,1
125,2021-09-09 15:02:30-04:00,5.248817921,239.2913208,5.76210928,252.2566681,3.834213018,3.593815565,0,Pt Created,44.92431641,44.92408752,No Data,0,0,0,40.89999771,27.85681152,0,24.20606232,25.54177856,19.58378792,0,3.226473808,19.53118515,71.55085754,71.6733551,0,1,0,1,1,1
126,2021-09-09 15:03:00-04:00,5.503819942,241.8587494,5.762123108,251.8908234,3.851133585,3.614540339,0,Pt Created,44.53563309,44.49038315,No Data,0,0,0,40.89999771,27.85647202,0,24.20604706,25.54223061,19.66540146,0,3.227537155,20.4297905,71.37680054,71.66823578,0,1,0,1,1,1
127,2021-09-09 15:03:30-04:00,5.758822441,236.2388,5.762136936,251.5249939,3.86805439,3.635265112,0,Pt Created,44.4440918,44.25720215,No Data,0,0,0,40.89999771,27.85613251,0,24.20603371,25.54268265,19.6747036,0,3.228600502,20.43536949,71.20274353,71.66311646,0,1,0,1,1,1
128,2021-09-09 15:04:00-04:00,5.758847713,242.0701447,5.762150764,251.1591644,3.884974957,3.655989647,0,Pt Created,44.729496,44.30458832,No Data,0,0,0,40.89999771,27.855793,0,24.20601845,25.54313469,19.68400574,0,3.229663849,20.44095039,71.02869415,71.65799713,0,1,0,1,1,1
129,2021-09-09 15:04:30-04:00,5.758872986,242.9953918,5.762164593,250.7933197,3.901895761,3.67671442,0,Pt Created,44.90193176,44.35197449,No Data,0,0,0,40.89999771,27.85545349,0,24.2060051,25.54358482,19.69330788,0,3.230727434,20.44652939,70.85463715,71.65287018,0,1,0,1,1,1
130,2021-09-09 15:05:00-04:00,5.758898258,243.7188263,5.762177944,250.4274902,3.918816328,3.697439194,0,Pt Created,44.1615448,44.39936066,No Data,0,0,0,40.89999771,27.85511398,0,24.20599174,25.54403687,19.70261002,0,3.231790781,20.45211029,70.68058014,71.64775085,0,1,0,1,1,1
131,2021-09-09 15:05:30-04:00,5.758923531,245.6167603,5.762191772,250.0616608,3.935736895,3.718163967,0,Pt Created,45.04905319,42.1736412,No Data,0,0,0,40.89999771,27.85477448,0,24.20597649,25.54448891,19.71191216,0,3.232854128,20.45768929,70.50652313,71.64263153,0,1,0,1,1,1
132,2021-09-09 15:06:00-04:00,5.75894928,281.9533386,5.762205601,249.6958313,3.9526577,3.738888741,0,Pt Created,43.96339417,44.74570465,No Data,0,0,0,40.89999771,27.85443497,0,24.20596313,25.54494095,19.72121429,0,3.233917475,20.46327019,70.39724731,71.63751221,0,1,0,1,1,1
133,2021-09-09 15:06:30-04:00,5.758974552,281.9610596,5.762219429,249.3299866,3.969578266,3.759613514,0,Pt Created,44.64681625,44.74573898,No Data,0,0,0,40.89999771,27.85409546,0,24.20594788,25.54539299,19.73051643,0,3.234980822,20.46884918,70.39987946,71.63238525,0,1,0,1,1,1
134,2021-09-09 15:07:00-04:00,5.758999825,281.9687805,5.762233257,248.9641571,3.986499071,3.780338287,0,Pt Created,44.50722504,44.74577332,No Data,0,0,0,40.89999771,27.85375595,0,24.20593452,25.54584503,19.73981857,0,3.236044168,20.47443008,70.40250397,71.62726593,0,1,0,1,1,1
135,2021-09-09 15:07:30-04:00,5.759025097,281.976532,5.762247086,248.6745605,4.003419876,3.801063061,0,Pt Created,44.6235466,44.74580765,No Data,0,0,0,40.89999771,27.85341644,0,24.20592117,25.54629707,19.74912071,0,3.237107515,20.48000908,70.40512848,71.62214661,0,1,0,1,1,1
136,2021-09-09 15:08:00-04:00,5.759050369,281.9842529,5.762260914,248.4002228,4.020340443,3.821787596,0,Pt Created,44.5449028,44.74584198,No Data,0,0,0,40.89999771,27.85307693,0,24.20590591,25.54674911,19.75842285,0,3.238170862,20.48558998,70.40776062,71.61702728,0,1,0,1,1,1
137,2021-09-09 15:08:30-04:00,5.759075642,281.9919739,5.762274742,248.1258698,4.037261009,3.842512369,0,Pt Created,44.61688232,44.74587631,No Data,0,0,0,40.89999771,27.85273743,0,24.20589256,25.54720116,19.76772499,0,3.239234447,20.49116898,70.41038513,71.61190033,0,1,0,1,1,1
138,2021-09-09 15:09:00-04:00,5.759100914,278.223877,5.76228857,247.851532,4.054181576,3.863237143,0,Pt Created,44.99100494,44.74591064,No Data,0,0,0,40.89999771,27.85239792,0,24.20587921,25.54765129,19.77702522,0,3.240297794,20.49674988,70.41300964,71.60678101,0,1,0,1,1,1
139,2021-09-09 15:09:30-04:00,5.759126186,244.1109314,5.762301922,247.5771942,4.071102142,3.883961916,0,Pt Created,44.49790573,44.74594498,No Data,0,0,0,40.89999771,27.85205841,0,24.20586395,25.54810333,19.78632736,0,3.241361141,20.50232887,70.41564178,71.60166168,0,1,0,1,1,1
140,2021-09-09 15:10:00-04:00,5.759151936,243.9212494,5.76231575,247.3028412,4.088023186,3.904686689,0,Pt Created,44.54117966,44.74597931,No Data,0,0,0,40.89999771,27.8517189,0,24.2058506,25.54855537,19.7956295,0,3.242424488,20.50790977,70.4182663,71.59653473,0,1,0,1,1,1
141,2021-09-09 15:10:30-04:00,5.759177208,242.0742798,5.762329578,247.0285034,4.104943752,3.925411463,0,Pt Created,44.37276459,44.74601364,No Data,0,0,0,40.89999771,27.85137939,0,24.20583534,25.54900742,19.80493164,0,3.243487835,20.51348877,70.42089081,71.59141541,0,1,0,1,1,1
142,2021-09-09 15:11:00-04:00,5.75920248,243.699707,5.762343407,246.7541656,4.121864319,3.946136236,0,Pt Created,44.70491028,44.74604797,No Data,0,0,0,40.89999771,27.85103989,0,24.20582199,25.54945946,19.81423378,0,3.244551182,20.51906967,70.42352295,71.58629608,0,1,0,1,1,1
143,2021-09-09 15:11:30-04:00,5.759227753,243.7286682,5.762357235,246.4798126,4.138784885,3.96686101,0,Pt Created,44.66568375,44.74608231,No Data,0,0,0,40.89999771,27.85070038,0,24.20580864,25.5499115,19.82353592,0,3.245614529,20.52464867,70.42614746,71.58117676,0,1,0,1,1,1
144,2021-09-09 15:12:00-04:00,5.759253025,243.7576294,5.762371063,246.2054749,4.155705452,3.987585545,0,Pt Created,44.728302,44.74611664,No Data,0,0,0,40.89999771,27.85036087,0,24.20579338,25.55036354,19.83283806,0,3.246678114,20.53022957,70.4287796,71.5760498,0,1,0,1,1,1
145,2021-09-09 15:12:30-04:00,5.759278297,243.7865906,5.762384892,245.9311371,4.172626495,4.008310318,0,Pt Created,44.72093964,44.74615097,No Data,0,0,0,40.89999771,27.85002136,0,24.20578003,25.55081558,19.8421402,0,3.247741461,20.53580856,70.43140411,71.57093048,0,1,0,1,1,1
146,2021-09-09 15:13:00-04:00,5.75930357,243.8155365,5.76239872,245.6567841,4.189547062,4.029035091,0,Pt Created,44.66175079,44.7461853,No Data,0,0,0,40.89999771,27.84968376,0,24.20576477,25.55126572,19.85144234,0,3.248804808,20.54138947,70.43402863,71.56581116,0,1,0,1,1,1
147,2021-09-09 15:13:30-04:00,5.759328842,243.2245331,5.762412548,245.3824463,4.206467628,4.049759865,0,Pt Created,43.97438049,43.92739868,No Data,0,0,0,40.89999771,27.84934425,0,24.20575142,25.55171776,19.86074448,0,3.249868155,20.54696846,70.43666077,71.56069183,0,1,0,1,1,1
148,2021-09-09 15:14:00-04:00,5.759354115,242.6376038,5.762426376,245.1080933,4.223388195,4.070484638,0,Pt Created,44.5954628,44.0215416,No Data,0,0,0,40.89999771,27.84900475,0,24.20573807,25.5521698,19.87004662,0,3.250931501,20.55254936,70.43928528,71.55556488,0,1,0,1,1,1
149,2021-09-09 15:14:30-04:00,5.759379864,242.9801331,5.762439728,244.8337555,4.240308762,4.091209412,0,Pt Created,44.56982803,45.83112335,No Data,0,0,0,40.89999771,27.84866524,0,24.20572281,25.55262184,19.87934875,0,3.251994848,20.55812836,70.44190979,71.55044556,0,1,0,1,1,1
150,2021-09-09 15:15:00-04:00,5.759405136,243.3226624,5.762453556,244.5594177,4.257229805,4.111934185,0,Pt Created,44.56666565,44.598526,No Data,0,0,0,40.89999771,27.84832573,0,24.20570946,25.55307388,19.88865089,0,3.253058195,20.56370926,70.44454193,71.54532623,0,1,0,1,1,1
151,2021-09-09 15:15:30-04:00,5.321702003,221.7194824,5.762467384,244.2850647,3.950279713,3.597400904,0,Pt Created,-1.459591508,25.22095108,No Data,0,0,0,0,27.84798622,0,24.20569611,25.55352592,19.89795113,0,3.25412178,19.55345345,70.44716644,71.54020691,0,1,0,1,1,1
152,2021-09-09 15:16:00-04:00,-2.986744165,-2.734981537,5.762481213,244.0107269,0.972669363,-0.16746287,0,Pt Created,-0.011377185,0.032372624,No Data,0,0,0,0,27.84764671,0,24.20568085,25.55397797,2.842744112,0,3.255185127,3.224367619,70.44979095,71.53507996,0,1,0,1,1,1
153,2021-09-09 15:16:30-04:00,-2.963895082,-2.713462353,5.762495041,243.7363892,0.875738859,-0.167484492,0,Pt Created,0.00176913,0.031784337,No Data,0,0,0,0,27.84730721,0,24.2056675,25.55443001,2.842480659,0,3.256248474,3.224115372,70.4524231,71.52996063,0,1,0,1,1,1
154,2021-09-09 15:17:00-04:00,-2.941045761,-2.69194293,5.762508869,243.4620361,0.778808415,-0.167506129,0,Pt Created,-0.127932474,0.031196048,No Data,0,0,0,0,27.8469677,0,24.20565224,25.55488014,2.842217445,0,3.257311821,3.223863125,70.45504761,71.52484131,0,1,0,1,1,1
155,2021-09-09 15:17:30-04:00,-2.918196678,-2.670423746,5.762522697,243.1876984,0.681877971,-0.167527765,0,Pt Created,-0.222394586,0.030607764,No Data,0,0,0,0,27.84662819,0,24.20563889,25.55533218,2.841954231,0,3.258375168,3.223610878,70.45767212,71.51972198,0,1,0,1,1,1
156,2021-09-09 15:18:00-04:00,-2.895347357,-2.648904562,5.762536526,242.9133606,0.584947526,-0.167549387,0,Pt Created,-0.15217571,0.030019477,No Data,0,0,0,0,27.84628868,0,24.20562553,25.55578423,2.841690779,0,3.259438515,3.22335887,70.46030426,71.51459503,0,1,0,1,1,1
157,2021-09-09 15:18:30-04:00,-2.872498274,-2.627385139,5.762550354,242.6390076,0.488017052,-0.167571023,0,Pt Created,-0.054537881,0.02943119,No Data,0,0,0,0,27.84594917,0,24.20561028,25.55623627,2.841427565,0,3.260501862,3.223106623,70.46292877,71.50947571,0,1,0,1,1,1
158,2021-09-09 15:19:00-04:00,-2.849649191,-2.605865955,5.762563705,242.3646698,0.391086578,-0.16759266,0,Pt Created,-0.142169446,0.028842904,No Data,0,0,0,0,27.84560966,0,24.20559692,25.55668831,2.841164351,0,3.261565447,3.222854376,70.46556091,71.50435638,0,1,0,1,1,1
159,2021-09-09 15:19:30-04:00,-2.82679987,-2.584346533,5.762577534,242.0903168,0.294156134,-0.167614281,0,Pt Created,-0.012837647,0.028254617,No Data,0,0,0,0,27.84527016,0,24.20558167,25.55714035,2.840900898,0,3.262628794,3.222602129,70.46818542,71.49923706,0,1,0,1,1,1
160,2021-09-09 15:20:00-04:00,-2.803950787,-2.562827349,5.762591362,241.815979,0.197225675,-0.167635918,0,Pt Created,-0.042533625,0.027666332,No Data,0,0,0,0,27.84493065,0,24.20556831,25.55759239,2.840637684,0,3.263692141,3.222349882,70.47080994,71.49411011,0,1,0,1,1,1
161,2021-09-09 15:20:30-04:00,-2.781101465,-2.541308165,5.76260519,241.5416412,0.100295208,-0.167657554,0,Pt Created,-0.147759572,0.027078046,No Data,0,0,0,0,27.84459114,0,24.20555496,25.55804443,2.84037447,0,3.264755487,3.222097635,70.47344208,71.48899078,0,1,0,1,1,1
162,2021-09-09 15:21:00-04:00,-2.758252382,-2.519788742,5.762619019,241.2672882,0.003364748,-0.167679176,0,Pt Created,-0.099201284,0.026489759,No Data,0,0,0,0,27.84425163,0,24.2055397,25.55849457,2.840111017,0,3.265818834,3.221845388,70.47606659,71.48387146,0,1,0,1,1,1
163,2021-09-09 15:21:30-04:00,-2.735403299,-2.498269558,5.762632847,240.9929504,-0.025714455,-0.167700812,0,Pt Created,-0.146786556,0.025901472,No Data,0,0,0,0,27.84391212,0,24.20552635,25.55894661,2.839847803,0,3.266882181,3.221593142,70.4786911,71.47874451,0,1,0,1,1,1
164,2021-09-09 15:22:00-04:00,-2.712553978,-2.476750374,5.762646675,240.7186127,-0.02571455,-0.167722434,0,Pt Created,-0.064182229,0.025313186,No Data,0,0,0,0,27.84357262,0,24.205513,25.55939865,2.839584589,0,3.267945528,3.221340895,70.48132324,71.47362518,0,1,0,1,1,1
165,2021-09-09 15:22:30-04:00,-2.689704895,-2.455230951,5.762660503,240.4442596,-0.025714645,-0.16774407,0,Pt Created,-0.022315608,0.024724899,No Data,0,0,0,0,27.84323311,0,24.20549774,25.55985069,2.839321136,0,3.269009113,3.221088648,70.48394775,71.46850586,0,1,0,1,1,1
166,2021-09-09 15:23:00-04:00,-2.666855812,-2.433711767,5.762674332,240.1699219,-0.02571474,-0.167765707,0,Pt Created,-0.111137539,0.024136614,No Data,0,0,0,0,27.8428936,0,24.20548439,25.56030273,2.839057922,0,3.27007246,3.220836639,70.48657227,71.46338654,0,1,0,1,1,1
167,2021-09-09 15:23:30-04:00,-2.644006491,-2.412192345,5.76268816,239.8955841,-0.025714833,-0.167787328,0,Pt Created,-0.134087324,0.023548327,No Data,0,0,0,0,27.84255409,0,24.20546913,25.56075478,2.838794708,0,3.271135807,3.220584393,70.48920441,71.45825958,0,1,0,1,1,1
168,2021-09-09 15:24:00-04:00,-2.621157408,-2.390673161,5.762701511,239.6212311,-0.025714928,-0.167808965,0,Pt Created,-0.033189327,0.022960041,No Data,0,0,0,0,27.84221458,0,24.20545578,25.56120682,2.838531256,0,3.272199154,3.220332146,70.49182892,71.45314026,0,1,0,1,1,1
169,2021-09-09 15:24:30-04:00,-2.598308086,-2.369153976,5.76271534,239.3468933,-0.025715023,-0.167830601,0,Pt Created,-0.273839891,0.022371754,No Data,0,0,0,0,27.84187508,0,24.20544243,25.56165886,2.838268042,0,3.273262501,3.220079899,70.49445343,71.44802094,0,1,0,1,1,1
170,2021-09-09 15:25:00-04:00,-2.575459003,-2.347634554,5.762729168,239.0725403,-0.025715116,-0.167852223,0,Pt Created,-0.007894987,0.021783467,No Data,0,0,0,0,27.84153557,0,24.20542717,25.5621109,2.838004827,0,3.274325848,3.219827652,70.49708557,71.44290161,0,1,0,1,1,1
171,2021-09-09 15:25:30-04:00,-2.552609921,-2.32611537,5.762742996,238.7982025,-0.025715211,-0.167873859,0,Pt Created,-0.061106082,0.021195183,No Data,0,0,0,0,27.84119606,0,24.20541382,25.56256104,2.837741375,0,3.275389194,3.219575405,70.49971008,71.43777466,0,1,0,1,1,1
172,2021-09-09 15:26:00-04:00,-2.529760599,-2.304595947,5.762756824,238.5238647,-0.025715306,-0.167895496,0,Pt Created,-0.121204622,0.020606896,No Data,0,0,0,0,27.84085655,0,24.20540047,25.56301308,2.837478161,0,3.276452541,3.219323158,70.50234222,71.43265533,0,1,0,1,1,1
173,2021-09-09 15:26:30-04:00,-2.506911516,-2.283076763,5.762770653,238.2495117,-0.0257154,-0.167917117,0,Pt Created,-0.009188805,0.020018609,No Data,0,0,0,0,27.84051704,0,24.20538521,25.56346512,2.837214947,0,3.277516127,3.219070911,70.50496674,71.42753601,0,1,0,1,1,1
174,2021-09-09 15:27:00-04:00,-2.484062195,-2.261557579,5.762784481,237.975174,-0.025715495,-0.167938754,0,Pt Created,-0.154480666,0.019430323,No Data,0,0,0,0,27.84017754,0,24.20537186,25.56391716,2.836951494,0,3.278579473,3.218818665,70.50759125,71.42241669,0,1,0,1,1,1
175,2021-09-09 15:27:30-04:00,-2.461213112,-2.240038157,5.762798309,237.7008362,-0.02571559,-0.16796039,0,Pt Created,-0.087033518,0.018842036,No Data,0,0,0,0,27.83983803,0,24.2053566,25.5643692,2.83668828,0,3.27964282,3.218566418,70.51022339,71.41728973,0,1,0,1,1,1
176,2021-09-09 15:28:00-04:00,-2.438364029,-2.218518972,5.762812138,237.4264832,-0.025715683,-0.167982012,0,Pt Created,-0.07028684,0.018253749,No Data,0,0,0,0,27.83949852,0,24.20534325,25.56482124,2.836425066,0,3.280706167,3.218314409,70.5128479,71.41217041,0,1,0,1,1,1
177,2021-09-09 15:28:30-04:00,-2.415514708,-2.19699955,5.762825966,237.1521454,-0.025715778,-0.168003649,0,Pt Created,-0.117852882,0.017665464,No Data,0,0,0,0,27.83915901,0,24.2053299,25.56527328,2.836161613,0,3.281769514,3.218062162,70.51547241,71.40705109,0,1,0,1,1,1
178,2021-09-09 15:29:00-04:00,-2.392665625,-2.175480366,5.762829781,236.8778076,-0.025715873,-0.16802527,0,Pt Created,0.0228552,0.017077178,No Data,0,0,0,0,27.8388195,0,24.20531464,25.56572533,2.835898399,0,3.282832861,3.217809916,70.51810455,71.40193176,0,1,0,1,1,1
179,2021-09-09 15:29:30-04:00,-2.369816303,-2.153961182,5.762825489,236.6034546,-0.025715966,-0.168046907,0,Pt Created,-0.103741288,0.016488891,No Data,0,0,0,0,27.83848,0,24.20530128,25.56617546,2.835635185,0,3.283896208,3.217557669,70.52072906,71.39680481,0,1,0,1,1,1
180,2021-09-09 15:30:00-04:00,-2.34696722,-2.132441759,5.762821198,236.3291168,-0.025716061,-0.168068543,0,Pt Created,-0.026714751,0.015900604,No Data,0,0,0,0,27.83814049,0,24.20528603,25.5666275,2.835371733,0,3.284959793,3.217305422,70.52335358,71.39168549,0,1,0,1,1,1
181,2021-09-09 15:30:30-04:00,-2.324118137,-2.110922575,5.762816906,236.0547638,-0.025716156,-0.168090165,0,Pt Created,-0.027734393,0.015312319,No Data,0,0,0,0,27.83780098,0,24.20527267,25.56707954,2.835108519,0,3.28602314,3.217053175,70.52598572,71.38656616,0,1,0,1,1,1
182,2021-09-09 15:31:00-04:00,-2.301268816,-2.089403152,5.762812614,235.780426,-0.025716251,-0.168111801,0,Pt Created,-0.184632912,0.014724032,No Data,0,0,0,0,27.83746147,0,24.20525932,25.56753159,2.834845304,0,3.287086487,3.216800928,70.52861023,71.38144684,0,1,0,1,1,1
183,2021-09-09 15:31:30-04:00,-2.278419733,-2.067883968,5.7628088,235.5060883,-0.025716344,-0.168133438,0,Pt Created,-0.112326093,0.014135746,No Data,0,0,0,0,27.83712196,0,24.20524406,25.56798363,2.834581852,0,3.288149834,3.216548681,70.53123474,71.37631989,0,1,0,1,1,1
184,2021-09-09 15:32:00-04:00,-2.25557065,-2.046364784,5.762804508,235.2317352,-0.025716439,-0.168155059,0,Pt Created,-0.054049619,0.01354746,No Data,0,0,0,0,27.83678246,0,24.20523071,25.56843567,2.834318638,0,3.289213181,3.216296434,70.53386688,71.37120056,0,1,0,1,1,1
185,2021-09-09 15:32:30-04:00,-2.232721329,-2.024845362,5.762800217,234.9573975,-0.025716534,-0.168176696,0,Pt Created,-0.064629339,0.012959173,No Data,0,0,0,0,27.83644295,0,24.20521736,25.56888771,2.834055424,0,3.290276527,3.216044426,70.53649139,71.36608124,0,1,0,1,1,1
186,2021-09-09 15:33:00-04:00,-2.209872246,-2.003326178,5.762795925,234.6830597,-0.025716627,-0.168198332,0,Pt Created,-0.157566532,0.012370887,No Data,0,0,0,0,27.83610344,0,24.2052021,25.56933975,2.833791971,0,3.291339874,3.215792179,70.53911591,71.36095428,0,1,0,1,1,1
187,2021-09-09 15:33:30-04:00,-2.187022924,-1.981806874,5.762791634,234.4087067,-0.025716722,-0.168219954,0,Pt Created,-0.069767028,0.011782601,No Data,0,0,0,0,27.83576393,0,24.20518875,25.56978989,2.833528757,0,3.29240346,3.215539932,70.54174805,71.35583496,0,1,0,1,1,1
188,2021-09-09 15:34:00-04:00,-2.164173841,-1.960287571,5.762787342,234.1343689,-0.025716817,-0.16824159,0,Pt Created,-0.014885445,0.011194314,No Data,0,0,0,0,27.83542442,0,24.20517349,25.57024193,2.833265543,0,3.293466806,3.215287685,70.54437256,71.35071564,0,1,0,1,1,1
189,2021-09-09 15:34:30-04:00,-2.141324759,-1.938768268,5.762783051,233.8600311,-0.02571691,-0.168263212,0,Pt Created,-0.036078084,0.010606028,No Data,0,0,0,0,27.83508492,0,24.20516014,25.57069397,2.83300209,0,3.294530153,3.215035439,70.5470047,71.34559631,0,1,0,1,1,1
190,2021-09-09 15:35:00-04:00,-2.118475437,-1.917248964,5.762778759,233.5856781,-0.025717005,-0.168284848,0,Pt Created,-0.131585047,0.010017741,No Data,0,0,0,0,27.83474541,0,24.20514679,25.57114601,2.832738876,0,3.2955935,3.214783192,70.54962921,71.34046936,0,1,0,1,1,1
191,2021-09-09 15:35:30-04:00,-2.095626354,-1.89572978,5.762774467,233.3113403,-0.0257171,-0.168306485,0,Pt Created,-0.087340988,0.009429455,No Data,0,0,0,0,27.8344059,0,24.20513153,25.57159805,2.832475662,0,3.296656847,3.214530945,70.55225372,71.33535004,0,1,0,1,1,1
192,2021-09-09 15:36:00-04:00,-2.072777033,-1.874210477,5.762770176,233.0369873,-0.025717193,-0.168328106,0,Pt Created,-0.216811925,0.008841169,No Data,0,0,0,0,27.83406639,0,24.20511818,25.57205009,2.83221221,0,3.297720194,3.214278698,70.55488586,71.33023071,0,1,0,1,1,1
193,2021-09-09 15:36:30-04:00,-2.04992795,-1.852691174,5.762765884,232.7626495,-0.025717288,-0.168349743,0,Pt Created,-0.171817526,0.008252882,No Data,0,0,0,0,27.83372688,0,24.20510292,25.57250214,2.831948996,0,3.298783541,3.214026451,70.55751038,71.32511139,0,1,0,1,1,1
194,2021-09-09 15:37:00-04:00,-2.027078867,-1.83117187,5.762761593,232.4883118,-0.025717383,-0.168371379,0,Pt Created,-0.004004841,0.007664596,No Data,0,0,0,0,27.83338737,0,24.20508957,25.57295418,2.831685781,0,3.299847126,3.213774204,70.56013489,71.31998444,0,1,0,1,1,1
195,2021-09-09 15:37:30-04:00,-2.004229546,-1.809652567,5.762757301,232.2139587,-0.025717476,-0.168393001,0,Pt Created,-0.177155852,0.00707631,No Data,0,0,0,0,27.83304787,0,24.20507622,25.57340431,2.831422329,0,3.300910473,3.213522196,70.56276703,71.31486511,0,1,0,1,1,1
196,2021-09-09 15:38:00-04:00,-1.981380463,-1.788133383,5.76275301,231.939621,-0.025717571,-0.168414637,0,Pt Created,-0.140547231,0.006488024,No Data,0,0,0,0,27.83270836,0,24.20506096,25.57385635,2.831159115,0,3.30197382,3.213269949,70.56539154,71.30974579,0,1,0,1,1,1
197,2021-09-09 15:38:30-04:00,-1.95853126,-1.766614079,5.762748718,231.6652832,-0.025717666,-0.168436274,0,Pt Created,-0.009710436,0.005899737,No Data,0,0,0,0,27.83236885,0,24.20504761,25.5743084,2.830895901,0,3.303037167,3.213017702,70.56801605,71.30462646,0,1,0,1,1,1
198,2021-09-09 15:39:00-04:00,-1.935682058,-1.745094776,5.762744904,231.3909302,-0.02571776,-0.168457896,0,Pt Created,-0.090045124,0.005311451,No Data,0,0,0,0,27.83202934,0,24.20503426,25.57476044,2.830632448,0,3.304100513,3.212765455,70.57064819,71.29949951,0,1,0,1,1,1
199,2021-09-09 15:39:30-04:00,-1.912832856,-1.723575473,5.762740612,231.1165924,-0.025717854,-0.168479532,0,Pt Created,-0.030061943,0.004723165,No Data,0,0,0,0,27.83168983,0,24.205019,25.57521248,2.830369234,0,3.30516386,3.212513208,70.57327271,71.29438019,0,1,0,1,1,1
200,2021-09-09 15:40:00-04:00,-1.889983773,-1.70205617,5.76273632,230.8422394,-0.025717949,-0.168501154,0,Pt Created,0.048170272,0.004134879,No Data,0,0,0,0,27.83135033,0,24.20500565,25.57566452,2.83010602,0,3.306227207,3.212260962,70.57589722,71.28926086,0,1,0,1,1,1
201,2021-09-09 15:40:30-04:00,-1.867134571,-1.680536985,5.762732029,230.5679016,-0.025718044,-0.16852279,0,Pt Created,-0.090568341,0.003546592,No Data,0,0,0,0,27.83101082,0,24.20499039,25.57611656,2.829842567,0,3.307290792,3.212008715,70.57852936,71.28414154,0,1,0,1,1,1
202,2021-09-09 15:41:00-04:00,-1.844285369,-1.659017682,5.762727737,230.2935638,-0.025718138,-0.168544427,0,Pt Created,-0.175308734,0.002958306,No Data,0,0,0,0,27.83067131,0,24.20497704,25.5765686,2.829579353,0,3.308354139,3.211756468,70.58115387,71.27901459,0,1,0,1,1,1
203,2021-09-09 15:41:30-04:00,-1.821436167,-1.637498379,5.762723446,230.0192108,-0.025718233,-0.168566048,0,Pt Created,-0.134985432,0.002370019,No Data,0,0,0,0,27.8303318,0,24.20496368,25.57702065,2.829316139,0,3.309417486,3.211504221,70.58378601,71.27389526,0,1,0,1,1,1
204,2021-09-09 15:42:00-04:00,-1.798587084,-1.615979075,5.762719154,229.744873,-0.025718328,-0.168587685,0,Pt Created,-0.089314871,0.001781733,No Data,0,0,0,0,27.82999229,0,24.20494843,25.57747078,2.829052687,0,3.310480833,3.211251974,70.58641052,71.26877594,0,1,0,1,1,1
205,2021-09-09 15:42:30-04:00,-1.775737882,-1.594459891,5.762714863,229.4705353,-0.025718421,-0.168609321,0,Pt Created,-0.128813058,0.001193447,No Data,0,0,0,0,27.82965279,0,24.20493507,25.57792282,2.828789473,0,3.31154418,3.210999966,70.58903503,71.26365662,0,1,0,1,1,1
206,2021-09-09 15:43:00-04:00,-1.75288868,-1.572940588,5.762710571,229.1961823,-0.025718516,-0.168630943,0,Pt Created,-0.14282161,0.00060516,No Data,0,0,0,0,27.82931328,0,24.20491982,25.57837486,2.828526258,0,3.312607527,3.210747719,70.59166718,71.25852966,0,1,0,1,1,1
207,2021-09-09 15:43:30-04:00,-1.730039477,-1.551421285,5.76270628,228.9218445,-0.025718611,-0.168652579,0,Pt Created,-0.036180981,1.69E-05,No Data,0,0,0,0,27.82897377,0,24.20490646,25.5788269,2.828262806,0,3.313670874,3.210495472,70.59429169,71.25341034,0,1,0,1,1,1
208,2021-09-09 15:44:00-04:00,-1.707190275,-1.529901981,5.762701988,228.6475067,-0.025718704,-0.168674216,0,Pt Created,-0.057333391,-0.000571412,No Data,0,0,0,0,27.82863426,0,24.20489311,25.57927895,2.827999592,0,3.314734221,3.210243225,70.5969162,71.24950409,0,1,0,1,1,1
209,2021-09-09 15:44:30-04:00,-1.684341192,-1.508382678,5.762697697,228.3731537,-0.025718799,-0.168695837,0,Pt Created,-0.151755869,-0.001159699,No Data,0,0,0,0,27.82829475,0,24.20487785,25.57973099,2.827736378,0,3.315797806,3.209990978,70.59954834,71.25047302,0,1,0,1,1,1
210,2021-09-09 15:45:00-04:00,-1.66149199,-1.486863494,5.762693405,228.0988159,-0.025718894,-0.168717474,0,Pt Created,-0.172517896,-0.001747985,No Data,0,0,0,0,27.82795525,0,24.2048645,25.58018303,2.827472925,0,3.316861153,3.209738731,70.60217285,71.25144196,0,1,0,1,1,1
211,2021-09-09 15:45:30-04:00,-1.638642788,-1.465344191,5.762689114,227.8244629,-0.025718987,-0.168739095,0,Pt Created,-0.218498409,-0.002336271,No Data,0,0,0,0,27.82761574,0,24.20485115,25.58063507,2.827209711,0,3.3179245,3.209486485,70.60479736,71.25241089,0,1,0,1,1,1
212,2021-09-09 15:46:00-04:00,-1.615793586,-1.443824887,5.762684822,227.5501251,-0.025719082,-0.168760732,0,Pt Created,-0.028055845,-0.002924558,No Data,0,0,0,0,27.82727623,0,24.20483589,25.58108521,2.826946497,0,3.318987846,3.209234238,70.6074295,71.25337982,0,1,0,1,1,1
213,2021-09-09 15:46:30-04:00,-1.592944503,-1.422305584,5.762681007,227.2757874,-0.025719177,-0.168782368,0,Pt Created,-0.177254438,-0.003512844,No Data,0,0,0,0,27.82693672,0,24.20482254,25.58153725,2.826683044,0,3.320051193,3.208981991,70.61005402,71.25434875,0,1,0,1,1,1
214,2021-09-09 15:47:00-04:00,-1.570095301,-1.400786281,5.762676716,227.0014343,-0.02571927,-0.16880399,0,Pt Created,-0.141334817,-0.00410113,No Data,0,0,0,0,27.82659912,0,24.20480728,25.58198929,2.82641983,0,3.32111454,3.208729982,70.61267853,71.25531006,0,1,0,1,1,1
215,2021-09-09 15:47:30-04:00,-1.547246099,-1.379267097,5.762672424,226.7270966,-0.025719365,-0.168825626,0,Pt Created,-0.095326424,-0.004689416,No Data,0,0,0,0,27.82625961,0,24.20479393,25.58244133,2.826156616,0,3.322177887,3.208477736,70.61531067,71.25627899,0,1,0,1,1,1
216,2021-09-09 15:48:00-04:00,-1.524396896,-1.357747793,5.762668133,226.4527588,-0.02571946,-0.168847263,0,Pt Created,-0.15283525,-0.005277703,No Data,0,0,0,0,27.8259201,0,24.20478058,25.58289337,2.825893164,0,3.323241472,3.208225489,70.61793518,71.25724792,0,1,0,1,1,1
217,2021-09-09 15:48:30-04:00,-1.501547694,-1.33622849,5.762663841,226.1784058,-0.025719555,-0.168868884,0,Pt Created,-0.125807613,-0.005865989,No Data,0,0,0,0,27.8255806,0,24.20476532,25.58334541,2.82562995,0,3.324304819,3.207973242,70.62056732,71.25821686,0,1,0,1,1,1
218,2021-09-09 15:49:00-04:00,-1.478698611,-1.314709187,5.76265955,225.904068,-0.025719648,-0.168890521,0,Pt Created,-0.132665232,-0.006454275,No Data,0,0,0,0,27.82524109,0,24.20475197,25.58379745,2.825366735,0,3.325368166,3.207720995,70.62319183,71.25918579,0,1,0,1,1,1
219,2021-09-09 15:49:30-04:00,-1.455849409,-1.293189883,5.762655258,225.6297302,-0.025719743,-0.168912157,0,Pt Created,-0.135275304,-0.007042562,No Data,0,0,0,0,27.82490158,0,24.20473671,25.5842495,2.825103283,0,3.326431513,3.207468748,70.62581635,71.26015472,0,1,0,1,1,1
220,2021-09-09 15:50:00-04:00,-1.433000207,-1.271670699,5.762650967,225.3553772,-0.025719838,-0.168933779,0,Pt Created,-0.192950115,-0.007630848,No Data,0,0,0,0,27.82456207,0,24.20472336,25.58469963,2.824840069,0,3.32749486,3.207216501,70.62844849,71.26112366,0,1,0,1,1,1
221,2021-09-09 15:50:30-04:00,-1.410151005,-1.250151396,5.762646675,225.0810394,-0.025719931,-0.168955415,0,Pt Created,-0.013612236,-0.008219134,No Data,0,0,0,0,27.82422256,0,24.20471001,25.58515167,2.824576855,0,3.328558207,3.206964254,70.631073,71.26208496,0,1,0,1,1,1
222,2021-09-09 15:51:00-04:00,-1.387301922,-1.228632092,5.762642384,224.8066864,-0.025720026,-0.168977052,0,Pt Created,-0.062081236,-0.008807421,No Data,0,0,0,0,27.82388306,0,24.20469475,25.58560371,2.824313402,0,3.329621553,3.206712008,70.63369751,71.26305389,0,1,0,1,1,1
223,2021-09-09 15:51:30-04:00,-1.36445272,-1.207112789,5.762638092,224.5323486,-0.025720121,-0.168998674,0,Pt Created,-0.14569369,-0.009395707,No Data,0,0,0,0,27.82354355,0,24.2046814,25.58605576,2.824050188,0,3.330685139,3.206459761,70.63632965,71.26402283,0,1,0,1,1,1
224,2021-09-09 15:52:00-04:00,-1.341603518,-1.185593486,5.762633801,224.2580109,-0.025720214,-0.16902031,0,Pt Created,-0.162563011,-0.009983993,No Data,0,0,0,0,27.82320404,0,24.20466805,25.5865078,2.823786974,0,3.331748486,3.206207752,70.63895416,71.26499176,0,1,0,1,1,1
225,2021-09-09 15:52:30-04:00,-1.318754315,-1.164074302,5.762629509,223.9836578,-0.025720309,-0.169041932,0,Pt Created,-0.023016095,-0.01057228,No Data,0,0,0,0,27.82286453,0,24.20465279,25.58695984,2.823523521,0,3.332811832,3.205955505,70.64157867,71.26596069,0,1,0,1,1,1
226,2021-09-09 15:53:00-04:00,-1.295905113,-1.142554998,5.762625217,223.7093201,-0.025720404,-0.169063568,0,Pt Created,-0.009597066,-0.011160566,No Data,0,0,0,0,27.82252502,0,24.20463943,25.58741188,2.823260307,0,3.333875179,3.205703259,70.64421082,71.26692963,0,1,0,1,1,1
227,2021-09-09 15:53:30-04:00,-1.27305603,-1.121035695,5.762620926,223.4349823,-0.025720498,-0.169085205,0,Pt Created,-0.095540412,-0.011748852,No Data,0,0,0,0,27.82218552,0,24.20462418,25.58786392,2.822997093,0,3.334938526,3.205451012,70.64683533,71.26789856,0,1,0,1,1,1
228,2021-09-09 15:54:00-04:00,-1.250206828,-1.099516392,5.762617111,223.1606293,-0.025720593,-0.169106826,0,Pt Created,-0.149389595,-0.012337139,No Data,0,0,0,0,27.82184601,0,24.20461082,25.58831596,2.822733641,0,3.336001873,3.205198765,70.64945984,71.26885986,0,1,0,1,1,1
229,2021-09-09 15:54:30-04:00,-1.227357626,-1.077997208,5.76261282,222.8862915,-0.025720688,-0.169128463,0,Pt Created,-0.071838029,-0.012925425,No Data,0,0,0,0,27.8215065,0,24.20459747,25.5887661,2.822470427,0,3.33706522,3.204946518,70.65209198,71.2698288,0,1,0,1,1,1
230,2021-09-09 15:55:00-04:00,-1.204508424,-1.056477904,5.762608528,222.6119537,-0.025720781,-0.169150099,0,Pt Created,-0.191494882,-0.013513711,No Data,0,0,0,0,27.82116699,0,24.20458221,25.58921814,2.822207212,0,3.338128805,3.204694271,70.65471649,71.27079773,0,1,0,1,1,1
231,2021-09-09 15:55:30-04:00,-1.181659341,-1.034958601,5.762604237,222.394516,-0.025720876,-0.169171721,0,Pt Created,-0.014359938,-0.014101998,No Data,0,0,0,0,27.82082748,0,24.20456886,25.58967018,2.82194376,0,3.339192152,3.204442024,70.65734863,71.27176666,0,1,0,1,1,1
232,2021-09-09 15:56:00-04:00,-1.158810139,-1.013439298,5.762599945,222.1884613,-0.025720971,-0.169193357,0,Pt Created,-0.152220547,-0.014690284,No Data,0,0,0,0,27.82048798,0,24.2045536,25.59012222,2.821680546,0,3.340255499,3.204189777,70.65997314,71.2727356,0,1,0,1,1,1
233,2021-09-09 15:56:30-04:00,-1.135960937,-0.991920054,5.762595654,221.9824066,-0.025721066,-0.169214994,0,Pt Created,-0.069663309,-0.01527857,No Data,0,0,0,0,27.82014847,0,24.20454025,25.59057426,2.821417332,0,3.341318846,3.203937531,70.66259766,71.27370453,0,1,0,1,1,1
234,2021-09-09 15:57:00-04:00,-1.113111734,-0.970400751,5.762591362,221.7763519,-0.025721159,-0.169236615,0,Pt Created,-0.019845573,-0.015866857,No Data,0,0,0,0,27.81980896,0,24.2045269,25.59102631,2.821153879,0,3.342382193,3.203685522,70.6652298,71.27466583,0,1,0,1,1,1
235,2021-09-09 15:57:30-04:00,-1.090262532,-0.948881507,5.76258707,221.5702972,-0.025721254,-0.169258252,0,Pt Created,-0.078073435,-0.016455144,No Data,0,0,0,0,27.81946945,0,24.20451164,25.59147835,2.820890665,0,3.343445539,3.203433275,70.66785431,71.27563477,0,1,0,1,1,1
236,2021-09-09 15:58:00-04:00,-1.067413449,-0.927362204,5.762582779,221.3642426,-0.025721349,-0.169279873,0,Pt Created,-0.02457398,-0.017043428,No Data,0,0,0,0,27.81912994,0,24.20449829,25.59193039,2.820627451,0,3.344508886,3.203181028,70.67047882,71.2766037,0,1,0,1,1,1
237,2021-09-09 15:58:30-04:00,-1.044564247,-0.9058429,5.762578487,221.1581879,-0.025721442,-0.16930151,0,Pt Created,-0.146173403,-0.017631715,No Data,0,0,0,0,27.81879044,0,24.20448494,25.59238052,2.820363998,0,3.345572472,3.202928782,70.67311096,71.27757263,0,1,0,1,1,1
238,2021-09-09 15:59:00-04:00,-1.021715045,-0.884323657,5.762574196,220.9521332,-0.025721537,-0.169323146,0,Pt Created,-0.165813595,-0.018220002,No Data,0,0,0,0,27.81845093,0,24.20446968,25.59283257,2.820100784,0,3.346635818,3.202676535,70.67573547,71.27854156,0,1,0,1,1,1
239,2021-09-09 15:59:30-04:00,-0.998865902,-0.862804353,5.762569904,220.7460785,-0.025721632,-0.169344768,0,Pt Created,-0.228566051,-0.018808288,No Data,0,0,0,0,27.81811142,0,24.20445633,25.59328461,2.81983757,0,3.347699165,3.202424288,70.67835999,71.2795105,0,1,0,1,1,1
240,2021-09-09 16:00:00-04:00,-0.9760167,-0.84128511,5.762565613,220.5400238,-0.025721725,-0.169366404,0,Pt Created,-0.085041843,-0.019396575,No Data,0,0,0,0,27.81777191,0,24.20444107,25.59373665,2.819574118,0,3.348762512,3.202172041,70.68099213,71.28047943,0,1,0,1,1,1
241,2021-09-09 16:00:30-04:00,-0.953167558,-0.819765806,5.762561321,220.3339691,-0.02572182,-0.169388041,0,Pt Created,-0.261418402,-0.019984862,No Data,0,0,0,0,27.8174324,0,24.20442772,25.59418869,2.819310904,0,3.349825859,3.201919794,70.68361664,71.28144073,0,1,0,1,1,1
242,2021-09-09 16:01:00-04:00,-0.930318356,-0.798246503,5.76255703,220.1279144,-0.025721915,-0.169409662,0,Pt Created,-0.147709414,-0.020573147,No Data,0,0,0,0,27.8170929,0,24.20441437,25.59464073,2.819047689,0,3.350889206,3.201667547,70.68624115,71.28240967,0,1,0,1,1,1
243,2021-09-09 16:01:30-04:00,-0.907469153,-0.776727259,5.762552738,219.9218597,-0.025722008,-0.169431299,0,Pt Created,-0.177748278,-0.021161433,No Data,0,0,0,0,27.81675339,0,24.20439911,25.59509277,2.818784237,0,3.351952553,3.201415539,70.68887329,71.2833786,0,1,0,1,1,1
244,2021-09-09 16:02:00-04:00,-0.884620011,-0.755207956,5.762548923,219.7158051,-0.025722103,-0.169452935,0,Pt Created,-0.099358395,-0.02174972,No Data,0,0,0,0,27.81641388,0,24.20438576,25.59554482,2.818521023,0,3.3530159,3.201163292,70.6914978,71.28434753,0,1,0,1,1,1
245,2021-09-09 16:02:30-04:00,-0.861770809,-0.733688712,5.762544632,219.5097504,-0.025722198,-0.169474557,0,Pt Created,-0.125275478,-0.022338007,No Data,0,0,0,0,27.81607437,0,24.2043705,25.59599495,2.818257809,0,3.354079485,3.200911045,70.69412994,71.28531647,0,1,0,1,1,1
246,2021-09-09 16:03:00-04:00,-0.838921666,-0.712169409,5.76254034,219.3037109,-0.025722291,-0.169496194,0,Pt Created,-0.122237727,-0.022926293,No Data,0,0,0,0,27.81573486,0,24.20435715,25.59644699,2.817994356,0,3.355142832,3.200658798,70.69675446,71.2862854,0,1,0,1,1,1
247,2021-09-09 16:03:30-04:00,-0.816072464,-0.690650165,5.762536049,219.0976563,-0.025722386,-0.169517815,0,Pt Created,-0.063735008,-0.023514578,No Data,0,0,0,0,27.81539536,0,24.2043438,25.59689903,2.817731142,0,3.356206179,3.200406551,70.69937897,71.28725433,0,1,0,1,1,1
248,2021-09-09 16:04:00-04:00,-0.793223321,-0.669130862,5.762531757,218.8916016,-0.025722481,-0.169539452,0,Pt Created,-0.038640883,-0.024102865,No Data,0,0,0,0,27.81505585,0,24.20432854,25.59735107,2.817467928,0,3.357269526,3.200154305,70.70201111,71.28821564,0,1,0,1,1,1
249,2021-09-09 16:04:30-04:00,-0.770374119,-0.647611558,5.762527466,218.6855469,-0.025722574,-0.169561088,0,Pt Created,-0.063980475,-0.024691151,No Data,0,0,0,0,27.81471634,0,24.20431519,25.59780312,2.817204475,0,3.358332872,3.199902058,70.70463562,71.28918457,0,1,0,1,1,1
250,2021-09-09 16:05:00-04:00,-0.747524977,-0.626092315,5.762523174,218.4794922,-0.025722669,-0.16958271,0,Pt Created,-0.05892631,-0.025279438,No Data,0,0,0,0,27.81437683,0,24.20430183,25.59825516,2.816941261,0,3.359396219,3.199649811,70.70726013,71.2901535,0,1,0,1,1,1
251,2021-09-09 16:05:30-04:00,-0.724675775,-0.604573011,5.762518883,218.2734375,-0.025722764,-0.169604346,0,Pt Created,-0.18137376,-0.025867725,No Data,0,0,0,0,27.81403732,0,24.20428658,25.5987072,2.816678047,0,3.360459566,3.199397564,70.70989227,71.29112244,0,1,0,1,1,1
252,2021-09-09 16:06:00-04:00,-0.701826572,-0.583053768,5.762514591,218.0673828,-0.025722859,-0.169625983,0,Pt Created,-0.156776816,-0.02645601,No Data,0,0,0,0,27.81369781,0,24.20427322,25.59915924,2.816414595,0,3.361523151,3.199145317,70.71251678,71.29209137,0,1,0,1,1,1
253,2021-09-09 16:06:30-04:00,-0.67897743,-0.561534464,5.7625103,217.8613281,-0.025722953,-0.169647604,0,Pt Created,-0.116300672,-0.027044296,No Data,0,0,0,0,27.81335831,0,24.20425797,25.59960938,2.816151381,0,3.362586498,3.198893309,70.7151413,71.2930603,0,1,0,1,1,1
254,2021-09-09 16:07:00-04:00,-0.656128228,-0.540015161,5.762506008,217.6552734,-0.025723048,-0.169669241,0,Pt Created,-0.102710769,-0.027632583,No Data,0,0,0,0,27.8130188,0,24.20424461,25.60006142,2.815888166,0,3.363649845,3.198641062,70.71777344,71.29402161,0,1,0,1,1,1
255,2021-09-09 16:07:30-04:00,-0.633279085,-0.518495917,5.762501717,217.4492188,-0.025723143,-0.169690877,0,Pt Created,-0.187197313,-0.02822087,No Data,0,0,0,0,27.81267929,0,24.20423126,25.60051346,2.815624714,0,3.364713192,3.198388815,70.72039795,71.29499054,0,1,0,1,1,1
256,2021-09-09 16:08:00-04:00,-0.610429883,-0.496976644,5.762497425,217.2431641,-0.025723236,-0.169712499,0,Pt Created,-0.083482876,-0.028809156,No Data,0,0,0,0,27.81233978,0,24.204216,25.6009655,2.8153615,0,3.365776539,3.198136568,70.72302246,71.29595947,0,1,0,1,1,1
257,2021-09-09 16:08:30-04:00,-0.58758074,-0.47545734,5.762493134,217.0371094,-0.025723331,-0.169734135,0,Pt Created,-0.01788632,-0.029397443,No Data,0,0,0,0,27.81200027,0,24.20420265,25.60141754,2.815098286,0,3.366839886,3.197884321,70.7256546,71.29692841,0,1,0,1,1,1
258,2021-09-09 16:09:00-04:00,-0.564731538,-0.453938067,5.762488842,216.8310547,-0.025723426,-0.169755757,0,Pt Created,-0.025565173,-0.029985728,No Data,0,0,0,0,27.81166077,0,24.20418739,25.60186958,2.814834833,0,3.367903233,3.197632074,70.72827911,71.29789734,0,1,0,1,1,1
259,2021-09-09 16:09:30-04:00,-0.541882396,-0.432418793,5.762485027,216.625,-0.025723519,-0.169777393,0,Pt Created,-0.297062308,-0.030574014,No Data,0,0,0,0,27.81132126,0,24.20417404,25.60232162,2.814571619,0,3.368966818,3.197379827,70.73090363,71.29886627,0,1,0,1,1,1
260,2021-09-09 16:10:00-04:00,-0.519033194,-0.41089952,5.762480736,216.4189453,-0.025723614,-0.16979903,0,Pt Created,-0.109898791,-0.031162301,No Data,0,0,0,0,27.81098175,0,24.20416069,25.60277367,2.814308405,0,3.370030165,3.197127581,70.73353577,71.29983521,0,1,0,1,1,1
261,2021-09-09 16:10:30-04:00,-0.496184021,-0.389380246,5.762476444,216.2128906,-0.025723709,-0.169820651,0,Pt Created,-0.125729069,-0.031750586,No Data,0,0,0,0,27.81064224,0,24.20414543,25.60322571,2.814044952,0,3.371093512,3.196875334,70.73616028,71.30079651,0,1,0,1,1,1
262,2021-09-09 16:11:00-04:00,-0.473334849,-0.367860973,5.762472153,216.0068359,-0.025723802,-0.169842288,0,Pt Created,-0.060387108,-0.032338873,No Data,0,0,0,0,27.81030273,0,24.20413208,25.60367584,2.813781738,0,3.372156858,3.196623325,70.73879242,71.30176544,0,1,0,1,1,1
263,2021-09-09 16:11:30-04:00,-0.450485677,-0.34634167,5.762467861,215.8007813,-0.025723897,-0.169863924,0,Pt Created,-0.109106198,-0.032927159,No Data,0,0,0,0,27.80996323,0,24.20411873,25.60412788,2.813518524,0,3.373220205,3.196371078,70.74141693,71.30273438,0,1,0,1,1,1
264,2021-09-09 16:12:00-04:00,-0.427636504,-0.324822396,5.76246357,215.5947418,-0.025723992,-0.169885546,0,Pt Created,-0.229894906,-0.033515446,No Data,0,0,0,0,27.80962372,0,24.20410347,25.60457993,2.813255072,0,3.374283552,3.196118832,70.74404144,71.30370331,0,1,0,1,1,1
265,2021-09-09 16:12:30-04:00,-0.404787302,-0.303303123,5.762459278,215.3886871,-0.025724085,-0.169907182,0,Pt Created,-0.181204706,-0.034103733,No Data,0,0,0,0,27.80928421,0,24.20409012,25.60503197,2.812991858,0,3.375346899,3.195866585,70.74667358,71.30467224,0,1,0,1,1,1
266,2021-09-09 16:13:00-04:00,-0.38193813,-0.281783849,5.762454987,215.1826324,-0.02572418,-0.169928819,0,Pt Created,-0.232743382,-0.034692019,No Data,0,0,0,0,27.8089447,0,24.20407486,25.60548401,2.812728643,0,3.376410484,3.195614338,70.7492981,71.30564117,0,1,0,1,1,1
267,2021-09-09 16:13:30-04:00,-0.359088957,-0.260264575,5.762450695,214.9765778,-0.025724275,-0.169950441,0,Pt Created,-0.096254468,-0.035280306,No Data,0,0,0,0,27.80860519,0,24.20406151,25.60593605,2.812465191,0,3.377473831,3.195362091,70.75192261,71.30661011,0,1,0,1,1,1
268,2021-09-09 16:14:00-04:00,-0.336239785,-0.238745287,5.762446404,214.7705231,-0.02572437,-0.169972077,0,Pt Created,-0.103363685,-0.035868593,No Data,0,0,0,0,27.80826569,0,24.20404816,25.60638809,2.812201977,0,3.378537178,3.195109844,70.75455475,71.30757141,0,1,0,1,1,1
269,2021-09-09 16:14:30-04:00,-0.313390613,-0.217226014,5.762442112,214.5644684,-0.025724463,-0.169993713,0,Pt Created,-0.195879787,-0.036456879,No Data,0,0,0,0,27.80792618,0,24.2040329,25.60684013,2.811938763,0,3.379600525,3.194857597,70.75717926,71.30854034,0,1,0,1,1,1
270,2021-09-09 16:15:00-04:00,-0.29054144,-0.195706725,5.76243782,214.3584137,-0.025724558,-0.170015335,0,Pt Created,-0.061504155,-0.037045166,No Data,0,0,0,0,27.80758667,0,24.20401955,25.60729027,2.81167531,0,3.380663872,3.19460535,70.75980377,71.30950928,0,1,0,1,1,1
271,2021-09-09 16:15:30-04:00,-0.267692268,-0.174187452,5.762433529,214.152359,-0.025724653,-0.170036972,0,Pt Created,-0.109094344,-0.037633449,No Data,0,0,0,0,27.80724716,0,24.2040062,25.60774231,2.811412096,0,3.381727219,3.194353104,70.76243591,71.31047821,0,1,0,1,1,1
272,2021-09-09 16:16:00-04:00,-0.244843081,-0.152668178,5.762429237,213.9463043,-0.025724746,-0.170058593,0,Pt Created,-0.130996957,-0.038221736,No Data,0,0,0,0,27.80690765,0,24.20399094,25.60819435,2.811148643,0,3.382790565,3.194101095,70.76506042,71.31144714,0,1,0,1,1,1
273,2021-09-09 16:16:30-04:00,-0.221993908,-0.13114889,5.762424946,213.7402496,-0.025724841,-0.17008023,0,Pt Created,-0.21991241,-0.038810022,No Data,0,0,0,0,27.80656815,0,24.20397758,25.60864639,2.810885429,0,3.383854151,3.193848848,70.76768494,71.31241608,0,1,0,1,1,1
274,2021-09-09 16:17:00-04:00,-0.199144736,-0.109629616,5.762421131,213.5341949,-0.025724936,-0.170101866,0,Pt Created,-0.12768805,-0.039398309,No Data,0,0,0,0,27.80622864,0,24.20396233,25.60909843,2.810622215,0,3.384917498,3.193596601,70.77031708,71.31338501,0,1,0,1,1,1
275,2021-09-09 16:17:30-04:00,-0.176295564,-0.088110335,5.76241684,213.3281403,-0.025725029,-0.170123488,0,Pt Created,-0.148586392,-0.039986596,No Data,0,0,0,0,27.80588913,0,24.20394897,25.60955048,2.810358763,0,3.385980844,3.193344355,70.77294159,71.31434631,0,1,0,1,1,1
276,2021-09-09 16:18:00-04:00,-0.153446376,-0.066591062,5.762412548,213.1220856,-0.025725124,-0.170145124,0,Pt Created,-0.113015287,-0.040574882,No Data,0,0,0,0,27.80554962,0,24.20393562,25.61000252,2.810095549,0,3.387044191,3.193092108,70.77557373,71.31531525,0,1,0,1,1,1
277,2021-09-09 16:18:30-04:00,-0.130597204,-0.045071781,5.762408257,212.9160309,-0.025725219,-0.170166761,0,Pt Created,-0.161296189,-0.041163169,No Data,0,0,0,0,27.80521011,0,24.20392036,25.61045456,2.809832335,0,3.388107538,3.192839861,70.77819824,71.31628418,0,1,0,1,1,1
278,2021-09-09 16:19:00-04:00,-0.107748032,-0.023552503,5.762403965,212.7099762,-0.025725313,-0.170188382,0,Pt Created,-0.067155674,-0.041751456,No Data,0,0,0,0,27.80487061,0,24.20390701,25.61090469,2.809568882,0,3.389170885,3.192587614,70.78082275,71.31725311,0,1,0,1,1,1
279,2021-09-09 16:19:30-04:00,-0.084898859,-0.002033224,5.762399673,212.5039215,-0.025725408,-0.170210019,0,Pt Created,-0.152201772,-0.042339742,No Data,0,0,0,0,27.8045311,0,24.20389175,25.61135674,2.809305668,0,3.390234232,3.192335367,70.7834549,71.31822205,0,1,0,1,1,1
280,2021-09-09 16:20:00-04:00,-0.062049679,0.019486055,5.762395382,212.2978668,-0.025725503,-0.170231655,0,Pt Created,-0.147690222,-0.042928029,No Data,0,0,0,0,27.80419159,0,24.2038784,25.61180878,2.809042454,0,3.391297579,3.19208312,70.78607941,71.31919098,0,1,0,1,1,1
281,2021-09-09 16:20:30-04:00,-0.039200507,0.041005332,5.76239109,212.0918121,-0.025725596,-0.170253277,0,Pt Created,0.018082604,-0.043516316,No Data,0,0,0,0,27.80385208,0,24.20386505,25.61226082,2.808779001,0,3.392361164,3.191830873,70.78870392,71.32015228,0,1,0,1,1,1
282,2021-09-09 16:21:00-04:00,-0.016351329,0.062524609,5.762386799,211.8857727,-0.025725691,-0.170274913,0,Pt Created,-0.122927867,-0.044104598,No Data,0,0,0,0,27.80351448,0,24.20384979,25.61271286,2.808515787,0,3.393424511,3.191578865,70.79133606,71.32112122,0,1,0,1,1,1
283,2021-09-09 16:21:30-04:00,0.006497846,0.08404389,5.762382507,211.679718,-0.025725786,-0.170296535,0,Pt Created,-0.287243754,-0.044692885,No Data,0,0,0,0,27.80317497,0,24.20383644,25.6131649,2.808252573,0,3.394487858,3.191326618,70.79396057,71.32209015,0,1,0,1,1,1
284,2021-09-09 16:22:00-04:00,0.029347021,0.105563171,5.762378216,211.4736633,-0.025725881,-0.170318171,0,Pt Created,-0.190286174,-0.045281172,No Data,0,0,0,0,27.80283546,0,24.20382309,25.61361694,2.80798912,0,3.395551205,3.191074371,70.79658508,71.32305908,0,1,0,1,1,1
285,2021-09-09 16:22:30-04:00,0.052196197,0.127082452,5.762373924,211.2676086,-0.025725974,-0.170339808,0,Pt Created,-0.105506837,-0.045869458,No Data,0,0,0,0,27.80249596,0,24.20380783,25.61406898,2.807725906,0,3.396614552,3.190822124,70.79921722,71.32402802,0,1,0,1,1,1
286,2021-09-09 16:23:00-04:00,0.07504537,0.148601726,5.762369633,211.061554,-0.025726069,-0.170361429,0,Pt Created,-0.092796661,-0.046457745,No Data,0,0,0,0,27.80215645,0,24.20379448,25.61452103,2.807462692,0,3.397677898,3.190569878,70.80184174,71.32499695,0,1,0,1,1,1
287,2021-09-09 16:23:30-04:00,0.097894549,0.170120999,5.762365341,210.8554993,-0.025726164,-0.170383066,0,Pt Created,-0.20273672,-0.047046032,No Data,0,0,0,0,27.80181694,0,24.20377922,25.61497116,2.80719924,0,3.398741245,3.190317631,70.80446625,71.32596588,0,1,0,1,1,1
288,2021-09-09 16:24:00-04:00,0.120743722,0.191640288,5.76236105,210.6494446,-0.025726257,-0.170404702,0,Pt Created,-0.25877443,-0.047634318,No Data,0,0,0,0,27.80147743,0,24.20376587,25.6154232,2.806936026,0,3.399804831,3.190065384,70.80709839,71.32692719,0,1,0,1,1,1
289,2021-09-09 16:24:30-04:00,0.143592894,0.213159561,5.762356758,210.4433899,-0.025726352,-0.170426324,0,Pt Created,0.006518229,-0.048222605,No Data,0,0,0,0,27.80113792,0,24.20375252,25.61587524,2.806672812,0,3.400868177,3.189813137,70.8097229,71.32789612,0,1,0,1,1,1
290,2021-09-09 16:25:00-04:00,0.166442081,0.234678835,5.762352943,210.2373352,-0.025726447,-0.17044796,0,Pt Created,-0.255006731,-0.048810892,No Data,0,0,0,0,27.80079842,0,24.20373726,25.61632729,2.806409359,0,3.401931524,3.18956089,70.81235504,71.32886505,0,1,0,1,1,1
291,2021-09-09 16:25:30-04:00,0.189291254,0.256198108,5.762348652,210.0312805,-0.02572654,-0.170469597,0,Pt Created,-0.10207624,-0.049399178,No Data,0,0,0,0,27.80045891,0,24.20372391,25.61677933,2.806146145,0,3.402994871,3.189308882,70.81497955,71.32983398,0,1,0,1,1,1
292,2021-09-09 16:26:00-04:00,0.212140426,0.277717412,5.76234436,209.8252258,-0.025726635,-0.170491219,0,Pt Created,-0.208742455,-0.049987465,No Data,0,0,0,0,27.8001194,0,24.20370865,25.61723137,2.805882931,0,3.404058218,3.189056635,70.81760406,71.33080292,0,1,0,1,1,1
293,2021-09-09 16:26:30-04:00,0.234989598,0.299236685,5.762340069,209.6191711,-0.02572673,-0.170512855,0,Pt Created,-0.208922818,-0.050575748,No Data,0,0,0,0,27.79977989,0,24.2036953,25.61768341,2.805619478,0,3.405121565,3.188804388,70.82023621,71.33177185,0,1,0,1,1,1
294,2021-09-09 16:27:00-04:00,0.257838786,0.320755959,5.762335777,209.4131165,-0.025726823,-0.170534477,0,Pt Created,0.006089285,-0.051164035,No Data,0,0,0,0,27.79944038,0,24.20368195,25.61813545,2.805356264,0,3.406184912,3.188552141,70.82286072,71.33274078,0,1,0,1,1,1
295,2021-09-09 16:27:30-04:00,0.280687958,0.342275232,5.762331486,209.2070618,-0.025726918,-0.170556113,0,Pt Created,-0.222896218,-0.051752321,No Data,0,0,0,0,27.79910088,0,24.20366669,25.61858559,2.80509305,0,3.407248497,3.188299894,70.82548523,71.33370209,0,1,0,1,1,1
296,2021-09-09 16:28:00-04:00,0.30353713,0.363794506,5.762327194,209.0010071,-0.025727013,-0.17057775,0,Pt Created,-0.051487565,-0.052340608,No Data,0,0,0,0,27.79876137,0,24.20365334,25.61903763,2.804829597,0,3.408311844,3.188047647,70.82811737,71.33467102,0,1,0,1,1,1
297,2021-09-09 16:28:30-04:00,0.326386303,0.385313779,5.762322903,208.7949524,-0.025727106,-0.170599371,0,Pt Created,-0.125802189,-0.052928895,No Data,0,0,0,0,27.79842186,0,24.20363998,25.61948967,2.804566383,0,3.409375191,3.187795401,70.83074188,71.33563995,0,1,0,1,1,1
298,2021-09-09 16:29:00-04:00,0.349235475,0.406833082,5.762318611,208.5888977,-0.025727201,-0.170621008,0,Pt Created,-0.144288972,-0.053517181,No Data,0,0,0,0,27.79808235,0,24.20362473,25.61994171,2.804303169,0,3.410438538,3.187543154,70.83336639,71.33660889,0,1,0,1,1,1
299,2021-09-09 16:29:30-04:00,0.372084647,0.428352356,5.76231432,208.382843,-0.025727296,-0.170642644,0,Pt Created,-0.148860693,-0.054105468,No Data,0,0,0,0,27.79774284,0,24.20361137,25.62039375,2.804039717,0,3.411501884,3.187290907,70.83599854,71.33757782,0,1,0,1,1,1
300,2021-09-09 16:30:00-04:00,0.39493382,0.449871629,5.762310028,208.1768036,-0.025727389,-0.170664266,0,Pt Created,-0.055362061,-0.054693755,No Data,0,0,0,0,27.79740334,0,24.20359612,25.62084579,2.803776503,0,3.412565231,3.18703866,70.83862305,71.33854675,0,1,0,1,1,1
301,2021-09-09 16:30:30-04:00,0.417783022,0.471390903,5.762305737,207.9707489,-0.025727484,-0.170685902,0,Pt Created,-0.106770813,-0.055282041,No Data,0,0,0,0,27.79706383,0,24.20358276,25.62129784,2.803513288,0,3.413628578,3.186786652,70.84124756,71.33950806,0,1,0,1,1,1
302,2021-09-09 16:31:00-04:00,0.440632194,0.492910177,5.762301445,207.7646942,-0.025727579,-0.170707539,0,Pt Created,-0.089408383,-0.055870328,No Data,0,0,0,0,27.79672432,0,24.20356941,25.62174988,2.803249836,0,3.414692163,3.186534405,70.8438797,71.34047699,0,1,0,1,1,1
303,2021-09-09 16:31:30-04:00,0.463481367,0.51442945,5.762297153,207.5586395,-0.025727674,-0.17072916,0,Pt Created,-0.064810038,-0.056458615,No Data,0,0,0,0,27.79638481,0,24.20355415,25.62220001,2.802986622,0,3.41575551,3.186282158,70.84650421,71.34144592,0,1,0,1,1,1
304,2021-09-09 16:32:00-04:00,0.486330539,0.535948753,5.762292862,207.3525848,-0.025727767,-0.170750797,0,Pt Created,-0.126869127,-0.057046898,No Data,0,0,0,0,27.7960453,0,24.2035408,25.62265205,2.802723408,0,3.416818857,3.186029911,70.84913635,71.34241486,0,1,0,1,1,1
305,2021-09-09 16:32:30-04:00,0.509179711,0.557467997,5.762289047,207.1465302,-0.025727862,-0.170772418,0,Pt Created,-0.158601552,-0.057635184,No Data,0,0,0,0,27.7957058,0,24.20352554,25.6231041,2.802459955,0,3.417882204,3.185777664,70.85176086,71.34338379,0,1,0,1,1,1
306,2021-09-09 16:33:00-04:00,0.532028913,0.5789873,5.762284756,206.9404755,-0.025727957,-0.170794055,0,Pt Created,-0.094962738,-0.058223471,No Data,0,0,0,0,27.79536629,0,24.20351219,25.62355614,2.802196741,0,3.418945551,3.185525417,70.85438538,71.34435272,0,1,0,1,1,1
307,2021-09-09 16:33:30-04:00,0.554878056,0.600506604,5.762280464,206.7344208,-0.025728051,-0.170815691,0,Pt Created,-0.180851251,-0.058811758,No Data,0,0,0,0,27.79502678,0,24.20349884,25.62400818,2.801933527,0,3.420008898,3.18527317,70.85701752,71.34532166,0,1,0,1,1,1
308,2021-09-09 16:34:00-04:00,0.577727258,0.622025847,5.762276173,206.5283661,-0.025728146,-0.170837313,0,Pt Created,-0.191631973,-0.059400044,No Data,0,0,0,0,27.79468727,0,24.20348358,25.62446022,2.801670074,0,3.421072245,3.185020924,70.85964203,71.34628296,0,1,0,1,1,1
309,2021-09-09 16:34:30-04:00,0.600576401,0.643545151,5.762271881,206.3223114,-0.025728241,-0.170858949,0,Pt Created,-0.088529006,-0.059988331,No Data,0,0,0,0,27.79434776,0,24.20347023,25.62491226,2.80140686,0,3.42213583,3.184768677,70.86226654,71.34725189,0,1,0,1,1,1
310,2021-09-09 16:35:00-04:00,0.623425603,0.665064394,5.76226759,206.1162567,-0.025728334,-0.170880586,0,Pt Created,-0.138181329,-0.060576618,No Data,0,0,0,0,27.79400826,0,24.20345688,25.6253643,2.801143646,0,3.423199177,3.18451643,70.86489868,71.34822083,0,1,0,1,1,1
311,2021-09-09 16:35:30-04:00,0.646274745,0.686583698,5.762263298,205.910202,-0.025728429,-0.170902207,0,Pt Created,-0.152667329,-0.061164904,No Data,0,0,0,0,27.79366875,0,24.20344162,25.62581444,2.800880194,0,3.424262524,3.184264421,70.86752319,71.34918976,0,1,0,1,1,1
312,2021-09-09 16:36:00-04:00,0.669123948,0.708102942,5.762259007,205.7041473,-0.025728524,-0.170923844,0,Pt Created,-0.100282326,-0.061753191,No Data,0,0,0,0,27.79332924,0,24.20342827,25.62626648,2.80061698,0,3.425325871,3.184012175,70.87014771,71.35015869,0,1,0,1,1,1
313,2021-09-09 16:36:30-04:00,0.69197309,0.729622245,5.762254715,205.4980927,-0.025728617,-0.17094548,0,Pt Created,-0.131019339,-0.062341478,No Data,0,0,0,0,27.79298973,0,24.20341301,25.62671852,2.800353765,0,3.426389217,3.183759928,70.87277985,71.35112762,0,1,0,1,1,1
314,2021-09-09 16:37:00-04:00,0.714822292,0.751141548,5.762250423,205.292038,-0.025728712,-0.170967102,0,Pt Created,-0.160173029,-0.062929764,No Data,0,0,0,0,27.79265022,0,24.20339966,25.62717056,2.800090313,0,3.427452564,3.183507681,70.87540436,71.35209656,0,1,0,1,1,1
315,2021-09-09 16:37:30-04:00,0.737671494,0.772660792,5.762246132,205.0859833,-0.025728807,-0.170988739,0,Pt Created,-0.088696182,-0.063518047,No Data,0,0,0,0,27.79231071,0,24.20338631,25.6276226,2.799827099,0,3.428515911,3.183255434,70.87802887,71.35305786,0,1,0,1,1,1
316,2021-09-09 16:38:00-04:00,0.760520637,0.794180095,5.76224184,204.8799286,-0.0257289,-0.171010375,0,Pt Created,-0.059184082,-0.064106338,No Data,0,0,0,0,27.79197121,0,24.20337105,25.62807465,2.799563885,0,3.429579258,3.183003187,70.88066101,71.35402679,0,1,0,1,1,1
317,2021-09-09 16:38:30-04:00,0.783369839,0.815699339,5.762237549,204.6738739,-0.025728995,-0.171031997,0,Pt Created,-0.187830195,-0.064694621,No Data,0,0,0,0,27.7916317,0,24.2033577,25.62852669,2.799300432,0,3.430642843,3.18275094,70.88328552,71.35499573,0,1,0,1,1,1
318,2021-09-09 16:39:00-04:00,0.806218982,0.837218642,5.762233257,204.4678192,-0.02572909,-0.171053633,0,Pt Created,-0.107731938,-0.065282911,No Data,0,0,0,0,27.79129219,0,24.20334244,25.62897873,2.799037218,0,3.43170619,3.182498693,70.88591766,71.35596466,0,1,0,1,1,1
319,2021-09-09 16:39:30-04:00,0.829068184,0.858737946,5.762228966,204.2617798,-0.025729185,-0.171075255,0,Pt Created,-0.192381516,-0.065871194,No Data,0,0,0,0,27.79095268,0,24.20332909,25.62943077,2.798774004,0,3.432769537,3.182246447,70.88854218,71.35693359,0,1,0,1,1,1
320,2021-09-09 16:40:00-04:00,0.851917326,0.880257189,5.762225151,204.0557251,-0.025729278,-0.171096891,0,Pt Created,-0.156403363,-0.066459477,No Data,0,0,0,0,27.79061317,0,24.20331573,25.62988091,2.798510551,0,3.433832884,3.181994438,70.89116669,71.35790253,0,1,0,1,1,1
321,2021-09-09 16:40:30-04:00,0.874766529,0.901776493,5.76222086,203.8496704,-0.025729373,-0.171118528,0,Pt Created,-0.063992597,-0.067047767,No Data,0,0,0,0,27.79027367,0,24.20330048,25.63033295,2.798247337,0,3.434896231,3.181742191,70.89379883,71.35886383,0,1,0,1,1,1
322,2021-09-09 16:41:00-04:00,0.897615671,0.923295736,5.762216568,203.6436157,-0.025729468,-0.171140149,0,Pt Created,0.00063993,-0.06763605,No Data,0,0,0,0,27.78993416,0,24.20328712,25.63078499,2.797984123,0,3.435959578,3.181489944,70.89642334,71.35983276,0,1,0,1,1,1
323,2021-09-09 16:41:30-04:00,0.920464873,0.94481504,5.762212276,203.437561,-0.025729561,-0.171161786,0,Pt Created,-0.111709535,-0.068224341,No Data,0,0,0,0,27.78959465,0,24.20327377,25.63123703,2.797720671,0,3.437022924,3.181237698,70.89904785,71.3608017,0,1,0,1,1,1
324,2021-09-09 16:42:00-04:00,0.943314075,0.966334283,5.762207985,203.2315063,-0.025729656,-0.171183422,0,Pt Created,-0.096315861,-0.068812624,No Data,0,0,0,0,27.78925514,0,24.20325851,25.63168907,2.797457457,0,3.43808651,3.180985451,70.90167999,71.36177063,0,1,0,1,1,1
325,2021-09-09 16:42:30-04:00,0.966163218,0.987853587,5.762203693,203.0254517,-0.025729751,-0.171205044,0,Pt Created,-0.164687365,-0.069400914,No Data,0,0,0,0,27.78891563,0,24.20324516,25.63214111,2.797194242,0,3.439149857,3.180733204,70.9043045,71.36273956,0,1,0,1,1,1
326,2021-09-09 16:43:00-04:00,0.98901242,1.00937283,5.762199402,202.819397,-0.025729844,-0.17122668,0,Pt Created,-0.080926865,-0.069989197,No Data,0,0,0,0,27.78857613,0,24.2032299,25.63259315,2.79693079,0,3.440213203,3.180480957,70.90692902,71.3637085,0,1,0,1,1,1
327,2021-09-09 16:43:30-04:00,1.011861563,1.030892134,5.76219511,202.6133423,-0.025729939,-0.171248317,0,Pt Created,-0.121429391,-0.070577487,No Data,0,0,0,0,27.78823662,0,24.20321655,25.6330452,2.796667576,0,3.44127655,3.18022871,70.90956116,71.36467743,0,1,0,1,1,1
328,2021-09-09 16:44:00-04:00,1.034710765,1.052411437,5.762190819,202.4072876,-0.025730034,-0.171269938,0,Pt Created,-0.237752378,-0.07116577,No Data,0,0,0,0,27.78789711,0,24.2032032,25.63349533,2.796404362,0,3.442339897,3.179976463,70.91218567,71.36563873,0,1,0,1,1,1
329,2021-09-09 16:44:30-04:00,1.057559967,1.07393074,5.762186527,202.2012329,-0.025730127,-0.171291575,0,Pt Created,-0.173107609,-0.071754061,No Data,0,0,0,0,27.7875576,0,24.20318794,25.63394737,2.796140909,0,3.443403244,3.179724216,70.91481018,71.36660767,0,1,0,1,1,1
330,2021-09-09 16:45:00-04:00,1.08040905,1.095449924,5.762182236,201.9951782,-0.025730222,-0.171313196,0,Pt Created,-0.091367781,-0.072342344,No Data,0,0,0,0,27.78721809,0,24.20317459,25.63439941,2.795877695,0,3.444466591,3.179472208,70.91744232,71.3675766,0,1,0,1,1,1
331,2021-09-09 16:45:30-04:00,1.103258252,1.116969228,5.762177944,201.7891235,-0.025730317,-0.171334833,0,Pt Created,-0.072042301,-0.072930627,No Data,0,0,0,0,27.78687859,0,24.20315933,25.63485146,2.795614481,0,3.445530176,3.179219961,70.92006683,71.36854553,0,1,0,1,1,1
332,2021-09-09 16:46:00-04:00,1.126107454,1.138488531,5.762173653,201.5830688,-0.025730411,-0.171356469,0,Pt Created,-0.01898976,-0.073518917,No Data,0,0,0,0,27.78653908,0,24.20314598,25.6353035,2.795351028,0,3.446593523,3.178967714,70.92269135,71.36951447,0,1,0,1,1,1
333,2021-09-09 16:46:30-04:00,1.148956656,1.160007834,5.762169361,201.3770142,-0.025730506,-0.171378091,0,Pt Created,-0.077455692,-0.0741072,No Data,0,0,0,0,27.78619957,0,24.20313263,25.63575554,2.795087814,0,3.44765687,3.178715467,70.92532349,71.3704834,0,1,0,1,1,1
334,2021-09-09 16:47:00-04:00,1.171805859,1.181527138,5.76216507,201.1709595,-0.025730601,-0.171399727,0,Pt Created,-0.090875015,-0.07469549,No Data,0,0,0,0,27.78586006,0,24.20311737,25.63620758,2.7948246,0,3.448720217,3.178463221,70.927948,71.37145233,0,1,0,1,1,1
335,2021-09-09 16:47:30-04:00,1.194654942,1.203046322,5.762161255,200.9649048,-0.025730696,-0.171421364,0,Pt Created,-0.046847917,-0.075283773,No Data,0,0,0,0,27.78552055,0,24.20310402,25.63665962,2.794561148,0,3.449783564,3.178210974,70.93058014,71.37241364,0,1,0,1,1,1
336,2021-09-09 16:48:00-04:00,0.544837952,-0.059436511,5.762156963,200.7588501,-0.025730789,-0.171442986,0,Pt Created,-0.884144127,-0.858769774,No Data,0,0,0,0,27.78518105,0,24.20309067,25.63710976,2.794297934,0,3.45084691,3.177958727,70.93320465,71.37338257,0,0,0,1,1,0
337,2021-09-09 16:48:30-04:00,-5.487214088,-11.4090147,5.762152672,200.5528107,-0.025730884,-0.171464622,0,Pt Created,-0.075604938,-0.036935572,No Data,0,0,0,0,27.78484154,0,24.20307541,25.6375618,2.794034719,0,3.451910257,3.17770648,70.93582916,71.3743515,0,0,0,0,0,0
338,2021-09-09 16:49:00-04:00,-5.465657711,-11.12332153,5.76214838,200.346756,-0.025730979,-0.171486259,0,Pt Created,-0.109257221,-0.036823843,No Data,0,0,0,0,27.78450203,0,24.20306206,25.63801384,2.793771267,0,3.452973843,3.177454233,70.9384613,71.37532043,0,0,0,0,0,0
339,2021-09-09 16:49:30-04:00,-5.44410181,-10.83762741,5.762144089,200.1407013,-0.025731072,-0.17150788,0,Pt Created,-0.120723672,-0.036712117,No Data,0,0,0,0,27.78416252,0,24.2030468,25.63846588,2.793508053,0,3.454037189,3.177201986,70.94108582,71.37628937,0,0,0,0,0,0
340,2021-09-09 16:50:00-04:00,-5.42254591,-10.55193424,5.762139797,199.9346466,-0.025731167,-0.171529517,0,Pt Created,-0.112970963,-0.036600389,No Data,0,0,0,0,27.78382301,0,24.20303345,25.63891792,2.793244839,0,3.455100536,3.176949978,70.94371033,71.3772583,0,0,0,0,0,0
341,2021-09-09 16:50:30-04:00,-5.400990009,-10.26624012,5.762135506,199.7285919,-0.025731262,-0.171551138,0,Pt Created,-0.113427721,-0.03648866,No Data,0,0,0,0,27.78348351,0,24.2030201,25.63936996,2.792981386,0,3.456163883,3.176697731,70.94634247,71.3782196,0,0,0,0,0,0
342,2021-09-09 16:51:00-04:00,-5.379434109,-9.980546951,5.762131214,199.5225372,-0.025731355,-0.171572775,0,Pt Created,-0.128595352,-0.036376931,No Data,0,0,0,0,27.783144,0,24.20300484,25.63982201,2.792718172,0,3.45722723,3.176445484,70.94896698,71.37918854,0,0,0,0,0,0
343,2021-09-09 16:51:30-04:00,-5.357877731,-9.694852829,5.762126923,199.3164825,-0.02573145,-0.171594411,0,Pt Created,-0.221509337,-0.036265202,No Data,0,0,0,0,27.78280449,0,24.20299149,25.64027405,2.792454958,0,3.458290577,3.176193237,70.95159149,71.38015747,0,0,0,0,0,0
344,2021-09-09 16:52:00-04:00,-5.336321831,-9.40915966,5.762122631,199.1104279,-0.025731545,-0.171616033,0,Pt Created,-0.126903161,-0.036153473,No Data,0,0,0,0,27.78246498,0,24.20297623,25.64072418,2.792191505,0,3.459353924,3.17594099,70.95422363,71.3811264,0,0,0,0,0,0
345,2021-09-09 16:52:30-04:00,-5.31476593,-9.123466492,5.76211834,198.9043732,-0.025731638,-0.171637669,0,Pt Created,-0.125494093,-0.036041744,No Data,0,0,0,0,27.78212547,0,24.20296288,25.64117622,2.791928291,0,3.460417509,3.175688744,70.95684814,71.38209534,0,0,0,0,0,0
346,2021-09-09 16:53:00-04:00,-5.29321003,-8.837772369,5.762114048,198.6983185,-0.025731733,-0.171659306,0,Pt Created,-0.044452678,-0.035930015,No Data,0,0,0,0,27.78178596,0,24.20294952,25.64162827,2.791665077,0,3.461480856,3.175436497,70.95947266,71.38306427,0,0,0,0,0,0
347,2021-09-09 16:53:30-04:00,-5.271654129,-8.552079201,5.762109756,198.4922638,-0.025731828,-0.171680927,0,Pt Created,-0.026365094,-0.03581829,No Data,0,0,0,0,27.78144646,0,24.20293427,25.64208031,2.791401625,0,3.462544203,3.17518425,70.9621048,71.3840332,0,0,0,0,0,0
348,2021-09-09 16:54:00-04:00,-5.250097752,-8.266385078,5.762105465,198.2862091,-0.025731921,-0.171702564,0,Pt Created,-0.097686827,-0.035706561,No Data,0,0,0,0,27.78110695,0,24.20292091,25.64253235,2.791138411,0,3.46360755,3.174932003,70.96472931,71.38499451,0,0,0,0,0,0
349,2021-09-09 16:54:30-04:00,-5.228541851,-7.98069191,5.762101173,198.0801544,-0.025732016,-0.1717242,0,Pt Created,-0.009457608,-0.035594832,No Data,0,0,0,0,27.78076744,0,24.20290756,25.64298439,2.790875196,0,3.464670897,3.174679995,70.96736145,71.38596344,0,0,0,0,0,0
350,2021-09-09 16:55:00-04:00,-5.20698595,-7.694998264,5.762096882,197.8740997,-0.025732111,-0.171745822,0,Pt Created,-0.030219333,-0.035483103,No Data,0,0,0,0,27.78042984,0,24.2028923,25.64343643,2.790611744,0,3.465734243,3.174427748,70.96998596,71.38693237,0,0,0,0,0,0
351,2021-09-09 16:55:30-04:00,-5.18543005,-7.409304619,5.762093067,197.668045,-0.025732204,-0.171767458,0,Pt Created,-0.149103969,-0.035371374,No Data,0,0,0,0,27.78009033,0,24.20287895,25.64388847,2.79034853,0,3.46679759,3.174175501,70.97261047,71.38790131,0,0,0,0,0,0
352,2021-09-09 16:56:00-04:00,-5.163873672,-7.123610973,5.762088776,197.4619904,-0.025732299,-0.17178908,0,Pt Created,-0.191734821,-0.035259645,No Data,0,0,0,0,27.77975082,0,24.20286369,25.64434052,2.790085316,0,3.467860937,3.173923254,70.97524261,71.38887024,0,0,0,0,0,0
353,2021-09-09 16:56:30-04:00,-5.142317772,-6.837917328,5.762084484,197.2559357,-0.025732394,-0.171810716,0,Pt Created,-0.103930667,-0.035147917,No Data,0,0,0,0,27.77941132,0,24.20285034,25.64479065,2.789821863,0,3.468924522,3.173671007,70.97786713,71.38983917,0,0,0,0,0,0
354,2021-09-09 16:57:00-04:00,-5.120761871,-6.552223682,5.762080193,197.049881,-0.025732489,-0.171832353,0,Pt Created,-0.081097543,-0.035036188,No Data,0,0,0,0,27.77907181,0,24.20283699,25.64524269,2.789558649,0,3.469987869,3.17341876,70.98049164,71.39080811,0,0,0,0,0,0
355,2021-09-09 16:57:30-04:00,-5.099205971,-6.266530037,5.762075901,196.8438416,-0.025732582,-0.171853974,0,Pt Created,-0.137427002,-0.034924462,No Data,0,0,0,0,27.7787323,0,24.20282173,25.64569473,2.789295435,0,3.471051216,3.173166513,70.98312378,71.39176941,0,0,0,0,0,0
356,2021-09-09 16:58:00-04:00,-5.07765007,-5.980836391,5.762071609,196.6377869,-0.025732677,-0.171875611,0,Pt Created,-0.119118676,-0.034812734,No Data,0,0,0,0,27.77839279,0,24.20280838,25.64614677,2.789031982,0,3.472114563,3.172914267,70.98574829,71.39273834,0,0,0,0,0,0
357,2021-09-09 16:58:30-04:00,-4.968880653,-5.695143223,5.762067318,196.4317322,-0.025732772,-0.171897247,0,Pt Created,0.02025752,-0.034701005,No Data,0,0,0,0,27.77805328,0,24.20279312,25.64659882,2.788768768,0,3.47317791,3.17266202,70.9883728,71.39370728,0,0,0,0,0,0
358,2021-09-09 16:59:00-04:00,-4.709470272,-5.409449577,5.762063026,196.2256775,-0.025732866,-0.171918869,0,Pt Created,-0.079769433,-0.034589276,No Data,0,0,0,0,27.77771378,0,24.20277977,25.64705086,2.788505554,0,3.474241257,3.172409773,70.99100494,71.39467621,0,0,0,0,0,0
359,2021-09-09 16:59:30-04:00,-4.450060368,-5.123755932,5.762058735,196.0196228,-0.025732961,-0.171940506,0,Pt Created,-0.063825987,-0.034477547,No Data,0,0,0,0,27.77737427,0,24.20276642,25.6475029,2.788242102,0,3.475304604,3.172157764,70.99362946,71.39564514,0,0,0,0,0,0
360,2021-09-09 17:00:00-04:00,-4.190649986,-4.838062286,5.762054443,195.8135681,-0.025733056,-0.171962142,0,Pt Created,-0.06654191,-0.034365818,No Data,0,0,0,0,27.77703476,0,24.20275116,25.64795494,2.787978888,0,3.476368189,3.171905518,70.99625397,71.39661407,0,0,0,0,0,0
