,Timestamp,DPIT-301/AI1/PV.CV %,DPIT-303/AI1/PV.CV %,DPIT-304/AI1/PV.CV %,DPIT-306/AI1/PV.CV %,DPIT-307/AI1/PV.CV %,DPIT-309/AI1/PV.CV %,DPIT-311-WHART/AI1/PV.CV no units,feb5c2df-3e8d-4e9e-a32b-1b39f835b531 ,FIT-321/AI1/OUT.CV lb/min,FIT-321/AI1/PV.CV lb/min,FIT-321/AI3/OUT.CV GPM,FIT-323/MASS/OUT.CV l/min,FIT-323/VOL/OUT.CV no units,FSC-300-01/CALC1/OUT2.CV No EngUnits,FSC-300-01/MTR_FREQ/PV.CV Hz,LIT-353/AI1/PV.CV inH2O,LIT-354-WHART/AI1/PV.CV in,LIT-373/AI1/PV.CV inH2O,LIT-374-WHART/AI1/PV.CV in,PIT-313/AI1/PV.CV psi,PIT-314/AI1/PV.CV psia,PIT-331/AI1/PV.CV %,PIT-332/AI1/PV.CV psi,TIT-333/AI1/PV.CV %,TIT-334/AI1/PV.CV %,ZIT-321-STAT/CLOSED/PV_D.CV No EngUnits,ZIT-322-STAT/CLOSED/PV_D.CV No EngUnits,ZIT-323-STAT/CLOSED/PV_D.CV No EngUnits,ZIT-324-STAT/CLOSED/PV_D.CV No EngUnits,ZIT-325-STAT/CLOSED/PV_D.CV No EngUnits,ZIT-326-STAT/CLOSED/PV_D.CV No EngUnits
0,2021-09-14 14:00:00-04:00,5.744297504,30.5945549,5.757372856,48.9886322,-0.025893776,0.104695715,0,Pt Created,-0.114134923,-0.080757156,No Data,0,0,0,0,25.09691811,0,24.18581009,25.80044556,2.705468893,0,3.306736231,3.091570616,71.76407623,72.10191345,0,0,0,0,0,0
1,2021-09-14 14:00:30-04:00,5.744297981,30.59309006,5.757372856,48.98774719,-0.025893902,0.105551921,0,Pt Created,-0.182028443,-0.081085727,No Data,0,0,0,0,25.0938797,0,24.18579292,25.80046844,2.706986189,0,3.307044506,3.093085051,71.76354218,72.10423279,0,0,0,0,0,0
2,2021-09-14 14:01:00-04:00,5.744297981,30.59162331,5.757372379,48.98686218,-0.025894027,0.106408134,0,Pt Created,-0.12943463,-0.08141429,No Data,0,0,0,0,25.0908432,0,24.18577385,25.80049133,2.708503485,0,3.307352543,3.094599247,71.76300812,72.10655212,0,0,0,0,0,0
3,2021-09-14 14:01:30-04:00,5.744298458,30.59015846,5.757372379,48.98598099,-0.025894154,0.10726434,0,Pt Created,-0.053662941,-0.081742853,No Data,0,0,0,0,25.08780479,0,24.18575668,25.80051613,2.710020781,0,3.307660818,3.096113443,71.76247406,72.10887146,0,0,0,0,0,0
4,2021-09-14 14:02:00-04:00,5.744298458,30.58869171,5.757372379,48.98509598,-0.025894279,0.108120546,0,Pt Created,-0.129354656,-0.082071416,No Data,0,0,0,0,25.0847683,0,24.18573952,25.80053902,2.711538076,0,3.307969093,3.097627878,71.76194,72.11118317,0,0,0,0,0,0
5,2021-09-14 14:02:30-04:00,5.744298935,30.58722496,5.757372379,48.98421097,-0.025894405,0.108976759,0,Pt Created,-0.148956254,-0.082399979,No Data,0,0,0,0,25.08172989,0,24.18572235,25.8005619,2.713055372,0,3.30827713,3.099142075,71.76140594,72.1135025,0,0,0,0,0,0
6,2021-09-14 14:03:00-04:00,5.744298935,30.58576012,5.757372379,48.98332977,-0.02589453,0.109832965,0,Pt Created,-0.147708833,-0.082728542,No Data,0,0,0,0,25.07869339,0,24.18570518,25.8005867,2.714572668,0,3.308585405,3.100656271,71.76087189,72.11582184,0,0,0,0,0,0
7,2021-09-14 14:03:30-04:00,5.744299412,30.58429337,5.757372379,48.98244476,-0.025894655,0.110689171,0,Pt Created,-0.110442199,-0.083057106,No Data,0,0,0,0,25.07565498,0,24.18568802,25.80060959,2.716089964,0,3.308893442,3.102170706,71.76033783,72.11814117,0,0,0,0,0,0
8,2021-09-14 14:04:00-04:00,5.744299412,30.58282852,5.757372379,48.98155975,-0.025894782,0.111545384,0,Pt Created,-0.093563713,-0.083385669,No Data,0,0,0,0,25.07261848,0,24.18566895,25.80063248,2.71760726,0,3.309201717,3.103684902,71.75980377,72.12046051,0,0,0,0,0,0
9,2021-09-14 14:04:30-04:00,5.744299889,30.58136177,5.757372379,48.98067856,-0.025894906,0.11240159,0,Pt Created,-0.215005845,-0.083714232,No Data,0,0,0,0,25.06958008,0,24.18565178,25.80065536,2.719124556,0,3.309509993,3.105199099,71.75926971,72.12277222,0,1,1,1,1,1
10,2021-09-14 14:05:00-04:00,5.744299889,30.57989693,5.757372379,48.97979355,-0.025895033,0.113257796,0,Pt Created,-0.065420203,-0.084042795,No Data,0,0,0,0,25.06654358,0,24.18563461,25.80068016,2.720641851,0,3.309818029,3.106713533,71.75873566,72.12509155,0,1,1,1,1,1
11,2021-09-14 14:05:30-04:00,5.744300365,85.60453033,5.757372379,48.97890854,-0.025895158,0.114114009,0,Pt Created,0.190554351,-0.084371358,No Data,0,0,0,0,25.06350517,0,24.18561745,25.80070305,2.722159147,0,3.310126305,3.10822773,71.7582016,72.12741089,0,1,1,1,1,1
12,2021-09-14 14:06:00-04:00,5.744300365,5.595369816,5.757371902,48.97802353,-0.025895284,0.114970215,0,Pt Created,-0.061301481,-0.084699929,No Data,0,0,0,0,25.06046867,0,24.18560028,25.80072594,2.723676443,0,3.310434341,3.109741926,71.75766754,72.12973022,0,1,1,1,1,1
13,2021-09-14 14:06:30-04:00,5.744300842,5.615415573,5.757371902,48.97714233,-0.025895409,0.115826428,0,Pt Created,-0.160881579,-0.085028492,No Data,0,0,0,0,25.05743027,0,24.18558311,25.80074883,2.725193739,0,3.310742617,3.111256361,71.75713348,72.13204193,0,1,1,1,1,1
14,2021-09-14 14:07:00-04:00,5.744300842,5.63546133,5.757371902,48.97625732,-0.025895536,0.116682634,0,Pt Created,-0.167348415,-0.085357055,No Data,0,0,0,0,25.05439377,0,24.18556404,25.80077362,2.726711035,0,3.311050653,3.112770557,71.75659943,72.13436127,0,1,1,1,1,1
15,2021-09-14 14:07:30-04:00,5.744301319,5.655506611,5.757371902,48.97537231,-0.025895661,0.11753884,0,Pt Created,-0.134608343,-0.085685618,No Data,0,0,0,0,25.05135536,0,24.18554688,25.80079651,2.728228331,0,3.311358929,3.114284754,71.75606537,72.1366806,0,1,1,1,1,1
16,2021-09-14 14:08:00-04:00,5.744301319,5.675552368,5.757371902,48.97449112,-0.025895786,0.118395053,0,Pt Created,-0.156084329,-0.086014181,No Data,0,0,0,0,25.04831886,0,24.18552971,25.8008194,2.729745626,0,3.311667204,3.115799189,71.75553131,72.13899994,0,1,1,1,1,1
17,2021-09-14 14:08:30-04:00,5.744301796,5.695598125,5.757371902,48.97360611,-0.025895912,0.119251259,0,Pt Created,-0.116834804,-0.086342745,No Data,0,0,0,0,25.04528046,0,24.18551254,25.80084419,2.731262922,0,3.311975241,3.117313385,71.75499725,72.14131927,0,1,1,1,1,1
18,2021-09-14 14:09:00-04:00,5.744301796,5.715643883,5.757371902,48.9727211,-0.025896037,0.120107464,0,Pt Created,-0.097442821,-0.086671308,No Data,0,0,0,0,25.04224396,0,24.18549538,25.80086708,2.732780218,0,3.312283516,3.118827581,71.7544632,72.14363098,0,1,1,1,1,1
19,2021-09-14 14:09:30-04:00,5.744302273,5.735689163,5.757371902,48.9718399,-0.025896164,0.120963678,0,Pt Created,-0.109407037,-0.086999871,No Data,0,0,0,0,25.03920555,0,24.18547821,25.80088997,2.734297514,0,3.312591553,3.120342016,71.75392914,72.14595032,0,1,1,1,1,1
20,2021-09-14 14:10:00-04:00,5.744302273,5.755734921,5.757371902,48.9709549,-0.025896288,0.121819884,0,Pt Created,-0.075200044,-0.087328434,No Data,0,0,0,0,25.03616905,0,24.18545914,25.80091286,2.73581481,0,3.312899828,3.121856213,71.75339508,72.14826965,0,1,1,1,1,1
21,2021-09-14 14:10:30-04:00,5.74430275,5.775780678,5.757371426,48.97006989,-0.025896415,0.122676089,0,Pt Created,-0.085935727,-0.087656997,No Data,0,0,0,0,25.03313065,0,24.18544197,25.80093765,2.737332106,0,3.313208103,3.123370409,71.75285339,72.15058899,0,1,1,1,1,1
22,2021-09-14 14:11:00-04:00,5.74430275,5.795826435,5.757371426,48.96918488,-0.02589654,0.123532303,0,Pt Created,-0.158009991,-0.087985568,No Data,0,0,0,0,25.03009415,0,24.1854248,25.80096054,2.738849401,0,3.31351614,3.124884844,71.75231934,72.15290833,0,1,1,1,1,1
23,2021-09-14 14:11:30-04:00,5.744303226,5.815871716,5.757371426,48.96830368,-0.025896667,0.124388508,0,Pt Created,-0.03252992,-0.088314131,No Data,0,0,0,0,25.02705574,0,24.18540764,25.80098343,2.740366697,0,3.313824415,3.12639904,71.75178528,72.15522003,0,1,1,1,1,1
24,2021-09-14 14:12:00-04:00,5.744303226,5.835917473,5.757371426,48.96741867,-0.025896791,0.125244722,0,Pt Created,-0.110442631,-0.088642694,No Data,0,0,0,0,25.02401924,0,24.18539047,25.80100822,2.741883993,0,3.314132452,3.127913237,71.75125122,72.15753937,0,1,1,1,1,1
25,2021-09-14 14:12:30-04:00,5.744303703,5.85596323,5.757371426,48.96653366,-0.025896916,0.126100928,0,Pt Created,-0.122133262,-0.088971257,No Data,0,0,0,0,25.02098083,0,24.18537331,25.80103111,2.743401289,0,3.314440727,3.129427671,71.75071716,72.1598587,0,1,1,1,1,1
26,2021-09-14 14:13:00-04:00,5.74430418,5.876008987,5.757371426,48.96565247,-0.025897043,0.126957133,0,Pt Created,-0.120441146,-0.08929982,No Data,0,0,0,0,25.01794434,0,24.18535423,25.801054,2.744918585,0,3.314749002,3.130941868,71.75018311,72.16217804,0,1,1,1,1,1
27,2021-09-14 14:13:30-04:00,5.74430418,5.896054268,5.757371426,48.96476746,-0.025897168,0.127813339,0,Pt Created,-0.169489503,-0.089628384,No Data,0,0,0,0,25.01490593,0,24.18533707,25.80107689,2.746435881,0,3.315057039,3.132456303,71.74964905,72.16448975,0,1,1,1,1,1
28,2021-09-14 14:14:00-04:00,5.744304657,5.916100025,5.757371426,48.96388245,-0.025897294,0.128669545,0,Pt Created,-0.149746835,-0.089956947,No Data,0,0,0,0,25.01186752,0,24.1853199,25.80110168,2.747953176,0,3.315365314,3.133970499,71.74911499,72.16680908,0,1,1,1,1,1
29,2021-09-14 14:14:30-04:00,5.744304657,5.936145782,5.757371426,48.96300125,-0.025897419,0.129525766,0,Pt Created,-0.103764966,-0.09028551,No Data,0,0,0,0,25.00883102,0,24.18530273,25.80112457,2.749470472,0,3.315673351,3.135484695,71.74858093,72.16912842,0,1,1,1,1,1
30,2021-09-14 14:15:00-04:00,5.744305134,5.95619154,5.757370949,48.96211624,-0.025897546,0.130381972,0,Pt Created,-0.184454337,-0.090614073,No Data,0,0,0,0,25.00579262,0,24.18528557,25.80114746,2.750988007,0,3.315981627,3.13699913,71.74804688,72.17144775,0,1,1,1,1,1
31,2021-09-14 14:15:30-04:00,5.744305134,5.97623682,5.757370949,48.96123123,-0.025897671,0.131238177,0,Pt Created,-0.031479526,-0.090942636,No Data,0,0,0,0,25.00275612,0,24.1852684,25.80117035,2.752505302,0,3.316289902,3.138513327,71.74751282,72.17376709,0,1,1,1,1,1
32,2021-09-14 14:16:00-04:00,5.744305611,5.996282578,5.757370949,48.96034622,-0.025897797,0.132094383,0,Pt Created,-0.105790675,-0.091271199,No Data,0,0,0,0,24.99971771,0,24.18524933,25.80119514,2.754022598,0,3.316597939,3.140027523,71.74697876,72.1760788,0,1,1,1,1,1
33,2021-09-14 14:16:30-04:00,5.744305611,6.016328335,5.757370949,48.95946503,-0.025897922,0.132950589,0,Pt Created,-0.114020839,-0.09159977,No Data,0,0,0,0,24.99668121,0,24.18523216,25.80121803,2.755539894,0,3.316906214,3.141541958,71.7464447,72.17839813,0,1,1,1,1,1
34,2021-09-14 14:17:00-04:00,5.744306087,6.036374092,5.757370949,48.95858002,-0.025898049,0.13380681,0,Pt Created,-0.128377378,-0.091928333,No Data,0,0,0,0,24.99364281,0,24.185215,25.80124092,2.75705719,0,3.317214251,3.143056154,71.74591064,72.18071747,0,1,1,1,1,1
35,2021-09-14 14:17:30-04:00,5.744306087,6.056419373,5.757370949,48.95769501,-0.025898173,0.134663016,0,Pt Created,-0.111810781,-0.092256896,No Data,0,0,0,0,24.99060631,0,24.18519783,25.80126572,2.758574486,0,3.317522526,3.144570351,71.74537659,72.1830368,0,1,1,1,1,1
36,2021-09-14 14:18:00-04:00,5.744306564,6.07646513,5.757370949,48.95681381,-0.025898298,0.135519221,0,Pt Created,-0.153838634,-0.092585459,No Data,0,0,0,0,24.9875679,0,24.18518066,25.8012886,2.760091782,0,3.317830801,3.146084785,71.74484253,72.18534851,0,1,1,1,1,1
37,2021-09-14 14:18:30-04:00,5.744306564,6.096510887,5.757370949,48.9559288,-0.025898425,0.136375427,0,Pt Created,-0.080214076,-0.092914023,No Data,0,0,0,0,24.9845314,0,24.1851635,25.80131149,2.761609077,0,3.318138838,3.147598982,71.74430847,72.18766785,0,1,1,1,1,1
38,2021-09-14 14:19:00-04:00,5.744307041,6.116556644,5.757370949,48.95504379,-0.02589855,0.137231633,0,Pt Created,-0.172352254,-0.093242586,No Data,0,0,0,0,24.981493,0,24.18514442,25.80133438,2.763126373,0,3.318447113,3.149113178,71.74377441,72.18998718,0,1,1,1,1,1
39,2021-09-14 14:19:30-04:00,5.744307041,6.136601925,5.757370949,48.9541626,-0.025898676,0.138087839,0,Pt Created,1.985357404,-0.093571149,No Data,0,0,0,15.56666565,24.9784565,0,24.18512726,25.80135918,2.764643669,0,3.31875515,3.150627613,71.74324036,72.19230652,0,1,1,1,1,1
40,2021-09-14 14:20:00-04:00,5.744307518,248.265686,5.757370472,48.95327759,4.359853745,3.640398502,0,Pt Created,45.88189697,41.95864105,No Data,0,0,0,40.89942551,24.97541809,0,24.18511009,25.80138206,19.57166672,0,3.319063425,20.36141014,71.7427063,72.19462585,0,1,1,1,1,1
41,2021-09-14 14:20:30-04:00,5.744307518,241.0091705,5.757370472,48.95239258,4.344633102,3.636734009,0,Pt Created,44.98825836,44.6949234,No Data,0,0,0,40.89873886,24.97238159,0,24.18509293,25.80140495,19.57444763,0,3.319371462,20.36319351,72.01734161,72.19693756,0,1,1,1,1,1
42,2021-09-14 14:21:00-04:00,5.744307995,239.0620575,5.757370472,48.95150757,4.32941246,3.633069515,0,Pt Created,44.60213852,44.74755859,No Data,0,0,0,40.8980484,24.96934319,0,24.18507576,25.80142784,19.57723045,0,3.319679737,20.36497879,72.40990448,72.2084198,0,1,1,1,1,1
43,2021-09-14 14:21:30-04:00,5.744307995,240.3807526,5.757370472,48.95062637,4.314191341,3.629405022,0,Pt Created,45.5817337,44.80018616,No Data,0,0,0,40.89736176,24.96630669,0,24.18505859,25.80145264,19.58001328,0,3.319988012,20.36676216,72.80246735,72.22173309,0,1,1,1,1,1
44,2021-09-14 14:22:00-04:00,5.744308472,242.0787964,5.757370472,48.94974136,4.298970699,3.625740528,0,Pt Created,44.59017944,45.63694763,No Data,0,0,0,40.89667511,24.96326828,0,24.18503952,25.80147552,19.5827961,0,3.320296049,20.36854553,73.19503784,72.23503876,0,1,1,1,1,1
45,2021-09-14 14:22:30-04:00,5.744308472,242.1296387,5.757370472,48.94885635,4.283750057,3.622076035,0,Pt Created,44.92567062,45.1460495,No Data,0,0,0,40.89598846,24.96023178,0,24.18502235,25.80149841,19.58557701,0,3.320604324,20.37033081,73.58760071,72.24835205,0,1,1,1,1,1
46,2021-09-14 14:23:00-04:00,5.744308949,242.1804657,5.757370472,48.94797516,4.268529415,3.618411303,0,Pt Created,44.76519394,44.89080429,No Data,0,0,0,40.895298,24.95719337,0,24.18500519,25.80152321,19.58835983,0,3.320912361,20.37211418,73.70429993,72.26165771,0,1,1,1,1,1
47,2021-09-14 14:23:30-04:00,5.744308949,242.231308,5.757370472,48.94709015,4.253308296,3.614746809,0,Pt Created,44.99716187,44.89262009,No Data,0,0,0,40.89461136,24.95415688,0,24.18498802,25.8015461,19.59114265,0,3.321220636,20.37389755,73.70278168,72.27497101,0,1,1,1,1,1
48,2021-09-14 14:24:00-04:00,5.744309425,239.0198212,5.757370472,48.94620514,4.238087654,3.611082315,0,Pt Created,44.59941864,44.89443588,No Data,0,0,0,40.89392471,24.95111847,0,24.18497086,25.80156898,19.59392548,0,3.321528912,20.37568283,73.70126343,72.2882843,0,1,1,1,1,1
49,2021-09-14 14:24:30-04:00,5.744309425,241.8285065,5.757369995,48.94532394,4.222867012,3.607417822,0,Pt Created,44.92067719,44.89625168,No Data,0,0,0,40.89323425,24.94808197,0,24.18495369,25.80159187,19.5967083,0,3.321836948,20.3774662,73.69973755,72.30158997,0,1,1,1,1,1
50,2021-09-14 14:25:00-04:00,5.744309902,241.9576416,5.757369995,48.94443893,4.20764637,3.603753328,0,Pt Created,44.82363129,44.89806747,No Data,0,0,0,40.89254761,24.94504356,0,24.18493462,25.80161667,19.59948921,0,3.322145224,20.37924957,73.6982193,72.31490326,0,1,1,1,1,1
51,2021-09-14 14:25:30-04:00,5.744309902,242.0867767,5.757369995,48.94355392,4.192425251,3.600088835,0,Pt Created,44.86831665,44.89988708,No Data,0,0,0,40.89186096,24.94200706,0,24.18491745,25.80163956,19.60227203,0,3.32245326,20.38103294,73.69669342,72.32821655,0,1,1,1,1,1
52,2021-09-14 14:26:00-04:00,5.744310379,242.2158966,5.757369995,48.94266891,4.177204609,3.596424341,0,Pt Created,44.77637482,44.90170288,No Data,0,0,0,40.89117432,24.93896866,0,24.18490028,25.80166245,19.60505486,0,3.322761536,20.38281822,73.69517517,72.34152222,0,1,1,1,1,1
53,2021-09-14 14:26:30-04:00,5.744310379,242.3450317,5.757369995,48.94178772,4.161983967,3.592759609,0,Pt Created,44.89529419,44.90351868,No Data,0,0,0,40.89048386,24.93593216,0,24.18488312,25.80168533,19.60783768,0,3.323069811,20.38460159,73.69365692,72.35483551,0,1,1,1,1,1
54,2021-09-14 14:27:00-04:00,5.744310856,237.6327667,5.757369995,48.94090271,4.146763325,3.589095116,0,Pt Created,44.68656921,44.90533447,No Data,0,0,0,40.88979721,24.93289375,0,24.18486595,25.80171013,19.61061859,0,3.323377848,20.38638496,73.69213104,72.3681488,0,1,1,1,1,1
55,2021-09-14 14:27:30-04:00,5.744311333,241.6500854,5.757369995,48.9400177,4.131542206,3.585430622,0,Pt Created,45.20072937,44.90715027,No Data,0,0,0,40.88911057,24.92985725,0,24.18484879,25.80173302,19.61340141,0,3.323686123,20.38817024,73.69061279,72.38145447,0,1,1,1,1,1
56,2021-09-14 14:28:00-04:00,5.744311333,241.9289246,5.757369995,48.93913651,4.116321564,3.581766129,0,Pt Created,44.877491,44.90896606,No Data,0,0,0,40.88842392,24.92681885,0,24.18482971,25.80175591,19.61618423,0,3.32399416,20.38995361,73.68908691,72.39476776,0,1,1,1,1,1
57,2021-09-14 14:28:30-04:00,5.74431181,242.2077637,5.757369995,48.9382515,4.101100922,3.578101635,0,Pt Created,44.96386337,44.91078186,No Data,0,0,0,40.88773346,24.92378235,0,24.18481255,25.8017807,19.61896706,0,3.324302435,20.39173698,73.68756866,72.40808105,0,1,1,1,1,1
58,2021-09-14 14:29:00-04:00,5.74431181,242.0060883,5.757369995,48.93736649,4.08588028,3.574437141,0,Pt Created,44.51560211,44.91260147,No Data,0,0,0,40.88704681,24.92074394,0,24.18479538,25.80180359,19.62174797,0,3.32461071,20.39352226,73.68604279,72.42138672,0,1,1,1,1,1
59,2021-09-14 14:29:30-04:00,5.744312286,241.7303162,5.757369518,48.93648529,4.070659161,3.570772648,0,Pt Created,44.84936523,44.91441727,No Data,0,0,0,40.88636017,24.91770744,0,24.18477821,25.80182648,19.62453079,0,3.324918747,20.39530563,73.68452454,72.43470001,0,1,1,1,1,1
60,2021-09-14 14:30:00-04:00,5.744312286,241.7402649,5.757369518,48.93560028,4.055438519,3.567107916,0,Pt Created,44.85279083,44.91623306,No Data,0,0,0,40.88567352,24.91466904,0,24.18476105,25.80184937,19.62731361,0,3.325227022,20.397089,73.68300629,72.44800568,0,1,1,1,1,1
61,2021-09-14 14:30:30-04:00,5.744312763,241.7502289,5.757369518,48.93471527,4.040217876,3.563443422,0,Pt Created,44.83312225,44.91804886,No Data,0,0,0,40.88498306,24.91163254,0,24.18474388,25.80187416,19.63009644,0,3.325535059,20.39887238,73.68148041,72.46131897,0,1,1,1,1,1
62,2021-09-14 14:31:00-04:00,5.744312763,241.7601776,5.757369518,48.93383026,4.024997234,3.559778929,0,Pt Created,44.91724396,44.91986465,No Data,0,0,0,40.88429642,24.90859413,0,24.18472481,25.80189705,19.63287926,0,3.325843334,20.40065765,73.67996216,72.47463226,0,1,1,1,1,1
63,2021-09-14 14:31:30-04:00,5.74431324,241.7701263,5.757369518,48.93294907,4.009776115,3.556114435,0,Pt Created,44.88971329,44.92168045,No Data,0,0,0,40.88360977,24.90555763,0,24.18470764,25.80191994,19.63566017,0,3.326151371,20.40244102,73.67843628,72.48793793,0,1,1,1,1,1
64,2021-09-14 14:32:00-04:00,5.74431324,241.7800903,5.757369518,48.93206406,3.994555473,3.552449942,0,Pt Created,44.78089523,44.92350006,No Data,0,0,0,40.88292313,24.90251923,0,24.18469048,25.80194473,19.63844299,0,3.326459646,20.4042244,73.67691803,72.50125122,0,1,1,1,1,1
65,2021-09-14 14:32:30-04:00,5.744313717,241.7900391,5.757369518,48.93117905,3.979334831,3.548785448,0,Pt Created,44.82126617,44.92531586,No Data,0,0,0,40.88223267,24.89948273,0,24.18467331,25.80196762,19.64122581,0,3.326767921,20.40600967,73.67539978,72.51456451,0,1,1,1,1,1
66,2021-09-14 14:33:00-04:00,5.744313717,241.7999878,5.757369518,48.93029785,3.964113951,3.545120955,0,Pt Created,44.86767578,44.92713165,No Data,0,0,0,40.88154602,24.89644432,0,24.18465614,25.80199051,19.64400864,0,3.327075958,20.40779305,73.6738739,72.52787018,0,1,1,1,1,1
67,2021-09-14 14:33:30-04:00,5.744314194,241.8099518,5.757369518,48.92941284,3.948893309,3.541456461,0,Pt Created,45.00542068,44.92894745,No Data,0,0,0,40.88085938,24.89340782,0,24.18463898,25.8020134,19.64678955,0,3.327384233,20.40957642,73.67235565,72.54118347,0,1,1,1,1,1
68,2021-09-14 14:34:00-04:00,5.744314194,241.8199005,5.757369041,48.92852783,3.933672428,3.537791729,0,Pt Created,44.99802399,44.93076324,No Data,0,0,0,40.88017273,24.89036942,0,24.1846199,25.80203819,19.64957237,0,3.32769227,20.41136169,73.67082977,72.55449677,0,1,1,1,1,1
69,2021-09-14 14:34:30-04:00,5.744314671,241.8298645,5.757369041,48.92764664,3.918451786,3.534127235,0,Pt Created,44.89045715,44.93257904,No Data,0,0,0,40.87948227,24.88733292,0,24.18460274,25.80206108,19.65235519,0,3.328000546,20.41314507,73.66931152,72.56780243,0,1,1,1,1,1
70,2021-09-14 14:35:00-04:00,5.744314671,241.8398132,5.757369041,48.92676163,3.903231144,3.530462742,0,Pt Created,44.92791748,44.93439484,No Data,0,0,0,40.87879562,24.88429451,0,24.18458557,25.80208397,19.65513802,0,3.328308821,20.41492844,73.66779327,72.58111572,0,1,1,1,1,1
71,2021-09-14 14:35:30-04:00,5.744315147,241.849762,5.757369041,48.92587662,3.888010263,3.526798248,0,Pt Created,44.95728683,44.93621445,No Data,0,0,0,40.87810898,24.88125801,0,24.18456841,25.80210686,19.65791893,0,3.328616858,20.41671181,73.6662674,72.59442139,0,1,1,1,1,1
72,2021-09-14 14:36:00-04:00,5.744315147,241.859726,5.757369041,48.92499161,3.872789621,3.523133755,0,Pt Created,44.84270859,44.93803024,No Data,0,0,0,40.87742233,24.8782196,0,24.18455124,25.80213165,19.66070175,0,3.328925133,20.41849709,73.66474915,72.60773468,0,1,1,1,1,1
73,2021-09-14 14:36:30-04:00,5.744315624,241.8696747,5.757369041,48.92411041,3.857568741,3.519469261,0,Pt Created,44.87383652,44.93984604,No Data,0,0,0,40.87673187,24.8751812,0,24.18453407,25.80215454,19.66348457,0,3.32923317,20.42028046,73.66322327,72.62104797,0,1,1,1,1,1
74,2021-09-14 14:37:00-04:00,5.744315624,241.8796234,5.757369041,48.9232254,3.842348099,3.515804768,0,Pt Created,44.85736084,44.94166183,No Data,0,0,0,40.87604523,24.8721447,0,24.184515,25.80217743,19.6662674,0,3.329541445,20.42206383,73.66170502,72.63435364,0,1,1,1,1,1
75,2021-09-14 14:37:30-04:00,5.744316101,241.8895874,5.757369041,48.92234039,3.827127218,3.512140036,0,Pt Created,44.91910553,44.94347763,No Data,0,0,0,40.87535858,24.86910629,0,24.18449783,25.80220222,19.66905022,0,3.32984972,20.42384911,73.66018677,72.64766693,0,1,1,1,1,1
76,2021-09-14 14:38:00-04:00,5.744316101,241.8995361,5.757369041,48.9214592,3.811906576,3.508475542,0,Pt Created,45.01773834,44.94529343,No Data,0,0,0,40.87467194,24.86606979,0,24.18448067,25.80222511,19.67183113,0,3.330157757,20.42563248,73.65866089,72.66098022,0,1,1,1,1,1
77,2021-09-14 14:38:30-04:00,5.744316578,241.9095001,5.757369041,48.92057419,3.796685696,3.504811049,0,Pt Created,44.93022919,44.94710922,No Data,0,0,0,40.87398148,24.86303139,0,24.1844635,25.802248,19.67461395,0,3.330466032,20.42741585,73.65714264,72.67428589,0,1,1,1,1,1
78,2021-09-14 14:39:00-04:00,5.744316578,241.9194489,5.757368565,48.91968918,3.781465054,3.501146555,0,Pt Created,44.82340622,44.94892883,No Data,0,0,0,40.87329483,24.85999489,0,24.18444633,25.80227089,19.67739677,0,3.330774069,20.42919922,73.65561676,72.68759918,0,1,1,1,1,1
79,2021-09-14 14:39:30-04:00,5.744317055,241.9293976,5.757368565,48.91880798,3.766244173,3.497482061,0,Pt Created,45.60368347,45.26715851,No Data,0,0,0,40.87260818,24.85695648,0,24.18442917,25.80229568,19.6801796,0,3.331082344,20.4309845,73.65409851,72.70091248,0,1,1,1,1,1
80,2021-09-14 14:40:00-04:00,5.744317055,241.9393616,5.757368565,48.91792297,3.751023531,3.493817568,0,Pt Created,44.9611969,45.49550629,No Data,0,0,0,40.87192154,24.85391998,0,24.1844101,25.80231857,19.68296051,0,3.331390619,20.43276787,73.65257263,72.71421814,0,1,1,1,1,1
81,2021-09-14 14:40:30-04:00,5.744317532,241.9493103,5.757368565,48.91703796,3.73580265,3.490153074,0,Pt Created,45.03473663,44.8531723,No Data,0,0,0,40.87123108,24.85088158,0,24.18439293,25.80234146,19.68574333,0,3.331698656,20.43455124,73.65105438,72.72753143,0,1,1,1,1,1
82,2021-09-14 14:41:00-04:00,5.744317532,241.959259,5.757368565,48.91615677,3.720582008,3.486488342,0,Pt Created,44.8242836,44.8542366,No Data,0,0,0,40.87054443,24.84784508,0,24.18437576,25.80236435,19.68852615,0,3.332006931,20.43633652,73.64953613,72.74084473,0,1,1,1,1,1
83,2021-09-14 14:41:30-04:00,5.744318008,241.969223,5.757368565,48.91527176,3.705361128,3.482823849,0,Pt Created,44.80175018,44.8553009,No Data,0,0,0,40.86985779,24.84480667,0,24.1843586,25.80238914,19.69130898,0,3.332314968,20.43811989,73.64801025,72.75415039,0,1,1,1,1,1
84,2021-09-14 14:42:00-04:00,5.744318008,241.9791718,5.757368565,48.91438675,3.690140486,3.479159355,0,Pt Created,46.48333359,44.8563652,No Data,0,0,0,40.86917114,24.84177017,0,24.18434143,25.80241203,19.69408989,0,3.332623243,20.43990326,73.646492,72.76746368,0,1,1,1,1,1
85,2021-09-14 14:42:30-04:00,5.744318485,241.9891357,5.757368565,48.91350174,3.674919605,3.475494862,0,Pt Created,44.86411285,44.8574295,No Data,0,0,0,40.86848068,24.83873177,0,24.18432426,25.80243492,19.69687271,0,3.332931519,20.44168854,73.64496613,72.78076935,0,1,1,1,1,1
86,2021-09-14 14:43:00-04:00,5.744318962,241.9990845,5.757368565,48.91262054,3.659698963,3.471830368,0,Pt Created,44.78344727,44.8584938,No Data,0,0,0,40.86779404,24.83569527,0,24.18430519,25.80245972,19.69965553,0,3.333239555,20.44347191,73.64344788,72.79408264,0,1,1,1,1,1
87,2021-09-14 14:43:30-04:00,5.744318962,242.0090332,5.757368088,48.91173553,3.644478083,3.468165874,0,Pt Created,44.81833649,44.85955811,No Data,0,0,0,40.86710739,24.83265686,0,24.18428802,25.8024826,19.70243835,0,3.333547831,20.44525528,73.64192963,72.80739594,0,1,1,1,1,1
88,2021-09-14 14:44:00-04:00,5.744319439,242.0189972,5.757368088,48.91085052,3.629257441,3.464501381,0,Pt Created,44.84588623,44.86062241,No Data,0,0,0,40.86642075,24.82962036,0,24.18427086,25.80250549,19.70522118,0,3.333855867,20.44703865,73.64040375,72.8207016,0,1,1,1,1,1
89,2021-09-14 14:44:30-04:00,5.744319439,242.0289459,5.757368088,48.90996933,3.61403656,3.460836649,0,Pt Created,44.85632324,44.86168671,No Data,0,0,0,40.86573029,24.82658195,0,24.18425369,25.80252838,19.70800209,0,3.334164143,20.44882393,73.6388855,72.83401489,0,1,1,1,1,1
90,2021-09-14 14:45:00-04:00,5.744319916,241.5112,5.757368088,48.90908432,3.598815918,3.457172155,0,Pt Created,44.12501526,44.86275482,No Data,0,0,0,40.86504364,24.82354546,0,24.18423653,25.80255318,19.71078491,0,3.334472179,20.4506073,73.63735962,72.84732819,0,1,1,1,1,1
91,2021-09-14 14:45:30-04:00,5.744319916,239.05896,5.757368088,48.90819931,3.583595037,3.453507662,0,Pt Created,44.60261536,44.86381912,No Data,0,0,0,40.86435699,24.82050705,0,24.18421936,25.80257607,19.71356773,0,3.334780455,20.45239067,73.63584137,72.86063385,0,1,1,1,1,1
92,2021-09-14 14:46:00-04:00,5.744320393,237.448288,5.757368088,48.90731812,3.568374395,3.449843168,0,Pt Created,44.85403442,44.86488342,No Data,0,0,0,40.86367035,24.81747055,0,24.18420029,25.80259895,19.71635056,0,3.33508873,20.45417595,73.63432312,72.87394714,0,1,1,1,1,1
93,2021-09-14 14:46:30-04:00,5.744320393,241.8646088,5.757368088,48.90643311,3.553153515,3.446178675,0,Pt Created,44.91123581,44.86594772,No Data,0,0,0,40.86297989,24.81443214,0,24.18418312,25.80262375,19.71913147,0,3.335396767,20.45595932,73.63279724,72.88726044,0,1,1,1,1,1
94,2021-09-14 14:47:00-04:00,5.744320869,241.9490509,5.757368088,48.9055481,3.537932873,3.442514181,0,Pt Created,44.86491394,44.86701202,No Data,0,0,0,40.86229324,24.81139565,0,24.18416595,25.80264664,19.72191429,0,3.335705042,20.45774269,73.63127899,72.9005661,0,1,1,1,1,1
95,2021-09-14 14:47:30-04:00,5.744320869,240.6668243,5.757368088,48.90466309,3.522711992,3.438849688,0,Pt Created,44.83538437,44.86807632,No Data,0,0,0,40.8616066,24.80835724,0,24.18414879,25.80266953,19.72469711,0,3.336067677,20.45952797,73.62975311,72.91387939,0,1,1,1,1,1
96,2021-09-14 14:48:00-04:00,5.744321346,241.1334991,5.757367611,48.90378189,3.50749135,3.435184956,0,Pt Created,45.39842987,44.86914063,No Data,0,0,0,40.86091614,24.80532074,0,24.18413162,25.80269241,19.72747993,0,3.3367033,20.46131134,73.62823486,72.92719269,0,1,1,1,1,1
97,2021-09-14 14:48:30-04:00,5.744321346,241.6001892,5.757367611,48.90289688,3.492270708,3.431520462,0,Pt Created,45.62590027,44.87020493,No Data,0,0,0,40.86022949,24.80228233,0,24.18411446,25.80271721,19.73026276,0,3.337339163,20.46309471,73.62671661,72.94049835,0,1,1,1,1,1
98,2021-09-14 14:49:00-04:00,5.744321823,242.066864,5.757367611,48.90201187,3.477049828,3.427855968,0,Pt Created,45.14406204,44.87126923,No Data,0,0,0,40.85954285,24.79924583,0,24.18409538,25.8027401,19.73304367,0,3.337974787,20.46487808,73.62519073,72.95381165,0,1,1,1,1,1
99,2021-09-14 14:49:30-04:00,5.744321823,242.223175,5.757367611,48.90113068,3.461829185,3.424191475,0,Pt Created,44.8861618,44.87233734,No Data,0,0,0,40.8588562,24.79620743,0,24.18407822,25.80276299,19.73582649,0,3.338610411,20.46666336,73.62367249,72.96711731,0,1,1,1,1,1
100,2021-09-14 14:50:00-04:00,5.7443223,242.2242737,5.757367611,48.90024567,3.446608305,3.420526981,0,Pt Created,44.73014069,44.87340164,No Data,0,0,0,40.85816574,24.79317093,0,24.18406105,25.80278587,19.73860931,0,3.339246035,20.46844673,73.62214661,72.9804306,0,1,1,1,1,1
101,2021-09-14 14:50:30-04:00,5.7443223,242.2253876,5.757367611,48.89936066,3.431387663,3.416862488,0,Pt Created,44.75691986,44.87446594,No Data,0,0,0,40.8574791,24.79013252,0,24.18404388,25.80281067,19.74139214,0,3.339881659,20.4702301,73.62062836,72.9937439,0,1,1,1,1,1
102,2021-09-14 14:51:00-04:00,5.744322777,242.2265015,5.757367611,48.89847946,3.416166782,3.413197994,0,Pt Created,44.75103378,44.87553024,No Data,0,0,0,40.85679245,24.78709602,0,24.18402672,25.80283356,19.74417305,0,3.340517282,20.47201538,73.61910248,73.00704956,0,1,1,1,1,1
103,2021-09-14 14:51:30-04:00,5.744322777,242.2276154,5.757367611,48.89759445,3.40094614,3.409533262,0,Pt Created,44.87733459,44.87659454,No Data,0,0,0,40.8561058,24.78405762,0,24.18400955,25.80285645,19.74695587,0,3.341152906,20.47379875,73.61758423,73.02036285,0,1,1,1,1,1
104,2021-09-14 14:52:00-04:00,5.744323254,242.2287292,5.757367611,48.89670944,3.38572526,3.405868769,0,Pt Created,44.65260696,44.87765884,No Data,0,0,0,40.85541534,24.78102112,0,24.18399048,25.80288124,19.74973869,0,3.34178853,20.47558212,73.61606598,73.03367615,0,1,1,1,1,1
105,2021-09-14 14:52:30-04:00,5.744323254,242.2298279,5.757367611,48.89582443,3.370504618,3.402204275,0,Pt Created,44.86666107,44.87872314,No Data,0,0,0,40.8547287,24.77798271,0,24.18397331,25.80290413,19.75252151,0,3.342424154,20.4773674,73.6145401,73.04698181,0,1,1,1,1,1
106,2021-09-14 14:53:00-04:00,5.74432373,242.2309418,5.757367134,48.89494324,3.355283737,3.398539782,0,Pt Created,44.91915894,44.87978745,No Data,0,0,0,40.85404205,24.77494621,0,24.18395615,25.80292702,19.75530243,0,3.343059778,20.47915077,73.61302185,73.0602951,0,1,1,1,1,1
107,2021-09-14 14:53:30-04:00,5.74432373,242.2320557,5.757367134,48.89405823,3.340063095,3.394875288,0,Pt Created,45.00325012,44.88085556,No Data,0,0,0,40.85335541,24.77190781,0,24.18393898,25.80294991,19.75808525,0,3.343695402,20.48093414,73.61149597,73.0736084,0,1,1,1,1,1
108,2021-09-14 14:54:00-04:00,5.744324207,242.2331696,5.757367134,48.89317322,3.324842215,3.391210794,0,Pt Created,44.95928955,44.88191986,No Data,0,0,0,40.85266495,24.76887131,0,24.18392181,25.8029747,19.76086807,0,3.344331026,20.48271751,73.60997772,73.08691406,0,1,1,1,1,1
109,2021-09-14 14:54:30-04:00,5.744324207,242.2342834,5.757367134,48.89229202,3.309621572,3.387546301,0,Pt Created,45.00063324,44.88298416,No Data,0,0,0,40.8519783,24.7658329,0,24.18390465,25.80299759,19.76365089,0,3.34496665,20.48450279,73.60845947,73.10022736,0,1,1,1,1,1
110,2021-09-14 14:55:00-04:00,5.744324684,242.2353821,5.757367134,48.89140701,3.294400692,3.383881569,0,Pt Created,44.93898773,44.88404846,No Data,0,0,0,40.85129166,24.76342964,0,24.18388557,25.80302048,19.76643372,0,3.345602512,20.48628616,73.60693359,73.11354065,0,1,1,1,1,1
111,2021-09-14 14:55:30-04:00,5.744324684,242.236496,5.757367134,48.890522,3.27918005,3.380217075,0,Pt Created,44.85521698,44.88511276,No Data,0,0,0,40.85060501,24.7641964,0,24.18386841,25.80304337,19.76921463,0,3.346238136,20.48806953,73.60541534,73.12684631,0,1,1,1,1,1
112,2021-09-14 14:56:00-04:00,5.744325161,242.2376099,5.757367134,48.88964081,3.263959169,3.376552582,0,Pt Created,45.03124237,44.88617706,No Data,0,0,0,40.84991455,24.76496315,0,24.18385124,25.80306816,19.77199745,0,3.34687376,20.48985481,73.60388947,73.14015961,0,1,1,1,1,1
113,2021-09-14 14:56:30-04:00,5.744325161,242.2387238,5.757367134,48.8887558,3.248738527,3.372888088,0,Pt Created,44.84564972,44.88724136,No Data,0,0,0,40.84922791,24.76573181,0,24.18383408,25.80309105,19.77478027,0,3.347509384,20.49163818,73.60237122,73.15346527,0,1,1,1,1,1
114,2021-09-14 14:57:00-04:00,5.744325638,242.2398376,5.757367134,48.88787079,3.233517647,3.369223595,0,Pt Created,44.87681961,44.88830566,No Data,0,0,0,40.84854126,24.76649857,0,24.18381691,25.80311394,19.7775631,0,3.348145008,20.49342155,73.60085297,73.16677856,0,1,1,1,1,1
115,2021-09-14 14:57:30-04:00,5.744326115,242.2409363,5.757366657,48.88698578,3.218297005,3.365559101,0,Pt Created,44.99684906,44.88936996,No Data,0,0,0,40.84785461,24.76726532,0,24.18379974,25.80313873,19.78034401,0,3.348780632,20.49520493,73.59932709,73.18009186,0,1,1,1,1,1
116,2021-09-14 14:58:00-04:00,5.744326115,242.2420502,5.757366657,48.88610458,3.203076124,3.361894608,0,Pt Created,44.99957657,44.89043808,No Data,0,0,0,40.84716415,24.76803207,0,24.18378067,25.80316162,19.78312683,0,3.349416256,20.4969902,73.59780884,73.19339752,0,1,1,1,1,1
117,2021-09-14 14:58:30-04:00,5.744326591,242.2431641,5.757366657,48.88521957,3.187855482,3.358229876,0,Pt Created,44.93270874,44.89150238,No Data,0,0,0,40.84647751,24.76879883,0,24.1837635,25.80318451,19.78590965,0,3.35005188,20.49877357,73.59628296,73.20671082,0,1,1,1,1,1
118,2021-09-14 14:59:00-04:00,5.744326591,242.244278,5.757366657,48.88433456,3.172634602,3.354565382,0,Pt Created,44.84246445,44.89256668,No Data,0,0,0,40.84579086,24.76956558,0,24.18374634,25.8032074,19.78869247,0,3.350687504,20.50055695,73.59476471,73.22002411,0,1,1,1,1,1
119,2021-09-14 14:59:30-04:00,5.744327068,242.2453918,5.757366657,48.88345337,3.15741396,3.350900888,0,Pt Created,44.93219757,44.89363098,No Data,0,0,0,40.84510422,24.77033424,0,24.18401909,25.80322266,19.79147339,0,3.351323128,20.50234222,73.59324646,73.23332977,0,1,1,1,1,1
120,2021-09-14 15:00:00-04:00,5.744327068,242.2464905,5.757366657,48.88256836,3.142193079,3.347236395,0,Pt Created,44.92700195,44.89469528,No Data,0,0,0,40.84441376,24.771101,0,24.18487167,25.80321503,19.79425621,0,3.351958752,20.5041256,73.59172058,73.24664307,0,1,1,1,1,1
121,2021-09-14 15:00:30-04:00,5.744327545,242.2476044,5.757366657,48.88168335,3.126972437,3.343571901,0,Pt Created,44.84260178,44.89575958,No Data,0,0,0,40.84372711,24.77186775,0,24.18572617,25.80320549,19.79703903,0,3.352594376,20.50590897,73.59020233,73.25995636,0,1,1,1,1,1
122,2021-09-14 15:01:00-04:00,5.744327545,242.2487183,5.757366657,48.88080215,3.111751556,3.339907408,0,Pt Created,44.83824539,44.89682388,No Data,0,0,0,40.84304047,24.77263451,0,24.18657875,25.80319786,19.79982185,0,3.35323,20.50769424,73.58867645,73.27326202,0,1,1,1,1,1
123,2021-09-14 15:01:30-04:00,5.744328022,242.2498322,5.757366657,48.87991714,3.096530914,3.336242914,0,Pt Created,44.94407654,44.89788818,No Data,0,0,0,40.84235382,24.77340126,0,24.18743324,25.80319023,19.80260468,0,3.353865862,20.50947762,73.5871582,73.28657532,0,1,1,1,1,1
124,2021-09-14 15:02:00-04:00,5.744328022,242.250946,5.757366657,48.87903214,3.081310272,3.332578182,0,Pt Created,44.87960052,44.8989563,No Data,0,0,0,40.84166336,24.77416992,0,24.18828583,25.8031826,19.80538559,0,3.354501486,20.51126099,73.58563232,73.29988861,0,1,1,1,1,1
125,2021-09-14 15:02:30-04:00,5.744328499,242.2520447,5.75736618,48.87814713,3.066089392,3.328913689,0,Pt Created,44.95167923,44.9000206,No Data,0,0,0,40.84097672,24.77493668,0,24.18913841,25.80317307,19.80816841,0,3.35513711,20.51304436,73.58411407,73.31319427,0,1,1,1,1,1
126,2021-09-14 15:03:00-04:00,5.744328499,242.2531586,5.75736618,48.87726593,3.05086875,3.325249195,0,Pt Created,44.95948792,44.9010849,No Data,0,0,0,40.84029007,24.77570343,0,24.1899929,25.80316544,19.81095123,0,3.355772734,20.51482964,73.58259583,73.32650757,0,1,1,1,1,1
127,2021-09-14 15:03:30-04:00,5.744328976,242.2542725,5.75736618,48.87638092,3.035647869,3.321584702,0,Pt Created,45.00500488,44.9021492,No Data,0,0,0,40.83960342,24.77647018,0,24.19084549,25.80315781,19.81373405,0,3.356408358,20.51661301,73.58106995,73.33981323,0,1,1,1,1,1
128,2021-09-14 15:04:00-04:00,5.744328976,242.2553864,5.75736618,48.87549591,3.020427227,3.317920208,0,Pt Created,45.00037003,44.9032135,No Data,0,0,0,40.83891296,24.77723694,0,24.19169807,25.80315018,19.81651497,0,3.357043982,20.51839638,73.5795517,73.35312653,0,1,1,1,1,1
129,2021-09-14 15:04:30-04:00,5.744329453,242.2565002,5.75736618,48.87461472,3.005206347,3.314255714,0,Pt Created,44.95650482,44.9042778,No Data,0,0,0,40.83822632,24.7780056,0,24.19255257,25.80314255,19.81929779,0,3.357679605,20.52018166,73.57802582,73.36643982,0,1,1,1,1,1
130,2021-09-14 15:05:00-04:00,5.744329453,242.2575989,5.75736618,48.87372971,2.989985704,3.310591221,0,Pt Created,44.95306396,44.9053421,No Data,0,0,0,40.83753967,24.77877235,0,24.19340515,25.80313301,19.82208061,0,3.358315229,20.52196503,73.57650757,73.37974548,0,1,1,1,1,1
131,2021-09-14 15:05:30-04:00,5.744329929,242.2587128,5.75736618,48.8728447,2.974764824,3.306926489,0,Pt Created,45.02277374,44.9064064,No Data,0,0,0,40.83685303,24.77953911,0,24.19425774,25.80312538,19.82486343,0,3.358950853,20.5237484,73.57498932,73.39305878,0,1,1,1,1,1
132,2021-09-14 15:06:00-04:00,5.744329929,242.2598267,5.75736618,48.8719635,2.959544182,3.303261995,0,Pt Created,44.99967194,44.9074707,No Data,0,0,0,40.83616257,24.78030586,0,24.19511223,25.80311775,19.82764435,0,3.359586477,20.52553368,73.57346344,73.40637207,0,1,1,1,1,1
133,2021-09-14 15:06:30-04:00,5.744330406,242.2609406,5.75736618,48.87107849,2.944323301,3.299597502,0,Pt Created,44.90795898,44.90853882,No Data,0,0,0,40.83547592,24.78107262,0,24.19596481,25.80311012,19.83042717,0,3.360222101,20.52731705,73.57194519,73.41967773,0,1,1,1,1,1
134,2021-09-14 15:07:00-04:00,5.744330406,242.2620544,5.757365704,48.87019348,2.929102659,3.295933008,0,Pt Created,45.05332947,44.90960312,No Data,0,0,0,40.83478928,24.78183937,0,24.1968174,25.80310249,19.83320999,0,3.360857725,20.52910042,73.57041931,73.43299103,0,1,1,1,1,1
135,2021-09-14 15:07:30-04:00,5.744330883,242.2631531,5.757365704,48.86930847,2.913881779,3.292268515,0,Pt Created,45.02306366,44.91066742,No Data,0,0,0,40.83410263,24.78260803,0,24.19767189,25.80309296,19.83599281,0,3.361493587,20.53088379,73.56890106,73.44630432,0,1,1,1,1,1
136,2021-09-14 15:08:00-04:00,5.744330883,242.264267,5.757365704,48.86842728,2.898661137,3.288604021,0,Pt Created,45.04387283,44.91173172,No Data,0,0,0,40.83341217,24.78337479,0,24.19852448,25.80308533,19.83877563,0,3.362129211,20.53266907,73.56738281,73.45960999,0,1,1,1,1,1
137,2021-09-14 15:08:30-04:00,5.74433136,242.2653809,5.757365704,48.86754227,2.883440256,3.284939528,0,Pt Created,44.96565247,44.91279602,No Data,0,0,0,40.83272552,24.78414154,0,24.19937706,25.8030777,19.84155655,0,3.362764835,20.53445244,73.56585693,73.47292328,0,1,1,1,1,1
138,2021-09-14 15:09:00-04:00,5.74433136,242.2664948,5.757365704,48.86665726,2.868219614,3.281274796,0,Pt Created,44.83187866,44.91386032,No Data,0,0,0,40.83203888,24.78490829,0,24.20023155,25.80307007,19.84433937,0,3.363400459,20.53623581,73.56433868,73.48623657,0,1,1,1,1,1
139,2021-09-14 15:09:30-04:00,5.744331837,242.2676086,5.757365704,48.86577606,2.852998734,3.277610302,0,Pt Created,44.94527817,44.91492462,No Data,0,0,0,40.83135223,24.78567505,0,24.20108414,25.80306244,19.84712219,0,3.364036083,20.53802109,73.56281281,73.49954224,0,1,1,1,1,1
140,2021-09-14 15:10:00-04:00,5.744331837,242.2687073,5.757365704,48.86489105,2.837778091,3.273945808,0,Pt Created,44.92553711,44.91598892,No Data,0,0,0,40.83066177,24.78644371,0,24.20193672,25.8030529,19.84990501,0,3.364671707,20.53980446,73.56129456,73.51285553,0,1,1,1,1,1
141,2021-09-14 15:10:30-04:00,5.744332314,242.2698212,5.757365704,48.86400604,2.822557211,3.270281315,0,Pt Created,44.90566254,44.91705322,No Data,0,0,0,40.68499756,24.78721046,0,24.20279121,25.80304527,19.85268593,0,3.365307331,20.54158783,73.55976868,73.52616119,0,1,1,1,1,1
142,2021-09-14 15:11:00-04:00,5.744332314,110.3876648,5.757365704,48.86312485,2.34816885,2.420458555,0,Pt Created,20.63671112,25.79730225,No Data,0,0,0,20.54999924,24.78797722,0,24.2036438,25.80303764,10.26790237,0,3.365942955,11.00288868,73.55825043,73.53947449,0,1,1,1,1,1
143,2021-09-14 15:11:30-04:00,5.74433279,19.26272011,5.757365227,48.86223984,0.955444753,0.72447747,0,Pt Created,3.616393805,4.726326466,No Data,0,0,0,4.875999928,24.78874397,0,24.20449829,25.80303001,3.43784976,0,3.366578579,3.826797485,73.55673218,73.55278778,0,1,1,1,1,1
144,2021-09-14 15:12:00-04:00,2.843702316,2.887433529,5.757365227,48.86135483,0.026925396,-0.123570792,0,Pt Created,3.785097361,3.139086485,No Data,0,0,0,4.726521492,24.78951073,0,24.20535088,25.80302238,3.436192989,0,3.367214203,3.825138807,73.5552063,73.56609344,0,1,1,1,1,1
145,2021-09-14 15:12:30-04:00,2.848969698,2.891813278,5.757365227,48.86046982,0.026815254,-0.123686314,0,Pt Created,3.478993654,3.149255753,No Data,0,0,0,4.449999809,24.79027748,0,24.20620346,25.80301285,3.434536219,0,3.367849827,3.823480368,73.55368805,73.57940674,0,1,1,1,1,1
146,2021-09-14 15:13:00-04:00,2.85423708,2.896192789,5.757365227,48.85958862,0.026705112,-0.123801835,0,Pt Created,3.42971611,3.15942502,No Data,0,0,0,4.449999809,24.79104614,0,24.20705795,25.80300522,3.43287921,0,3.368485451,3.82182169,73.55216217,73.59272003,0,1,1,1,1,1
147,2021-09-14 15:13:30-04:00,2.859504461,2.9005723,5.757365227,48.85870361,0.026594969,-0.123917364,0,Pt Created,3.423589468,3.169594288,No Data,0,0,0,4.449999809,24.7918129,0,24.20791054,25.80299759,3.431222439,0,3.369121075,3.820163012,73.55064392,73.6060257,0,1,1,1,1,1
148,2021-09-14 15:14:00-04:00,2.864771843,2.904952049,5.757365227,48.8578186,0.026484827,-0.124032885,0,Pt Created,3.55618763,3.179763794,No Data,0,0,0,4.449999809,24.79257965,0,24.20876312,25.80298996,3.42956543,0,3.369756937,3.818504572,73.54912567,73.61933899,0,1,1,1,1,1
149,2021-09-14 15:14:30-04:00,2.870039225,2.90933156,5.757365227,48.85693741,0.026374685,-0.124148414,0,Pt Created,3.533056259,3.189933062,No Data,0,0,0,4.449999809,24.79334641,0,24.20961761,25.80298042,3.427908659,0,3.370392561,3.816845894,73.54759979,73.63265228,0,1,1,1,1,1
150,2021-09-14 15:15:00-04:00,2.875306368,2.913711309,5.757365227,48.8560524,0.026264541,-0.124263935,0,Pt Created,3.524727821,3.200102329,No Data,0,0,0,4.449999809,24.79411316,0,24.2104702,25.80297279,3.426251888,0,3.371028185,3.815187454,73.54608154,73.64595795,0,1,1,1,1,1
151,2021-09-14 15:15:30-04:00,2.88057375,2.91809082,5.757365227,48.85516739,0.026154399,-0.124379456,0,Pt Created,3.562967777,3.210271597,No Data,0,0,0,4.449999809,24.79488182,0,24.21132278,25.80296516,3.424594879,0,3.371663809,3.813528776,73.54455566,73.64544678,0,1,1,1,1,1
152,2021-09-14 15:16:00-04:00,2.885841131,2.922470331,5.757365227,48.85428619,0.026044257,-0.124494985,0,Pt Created,3.512522697,3.220440865,No Data,0,0,0,4.449999809,24.79564857,0,24.21217728,25.80295753,3.422938108,0,3.372299433,3.811870098,73.54303741,73.64216614,0,1,1,1,1,1
153,2021-09-14 15:16:30-04:00,2.891108513,2.92685008,5.75736475,48.85340118,0.025934115,-0.124610506,0,Pt Created,3.4338274,3.230610132,No Data,0,0,0,4.449999809,24.79641533,0,24.21302986,25.80294991,3.421281099,0,3.372935057,3.810211658,73.54151917,73.6388855,0,1,1,1,1,1
154,2021-09-14 15:17:00-04:00,2.896375895,2.931229591,5.75736475,48.85251617,0.025823971,-0.124726027,0,Pt Created,3.434520245,3.2407794,No Data,0,0,0,4.449999809,24.79718208,0,24.21388245,25.80294037,3.419624329,0,3.373570681,3.80855298,73.53999329,73.63560486,0,1,1,1,1,1
155,2021-09-14 15:17:30-04:00,2.901643276,2.935609102,5.75736475,48.85163116,0.025713829,-0.124841556,0,Pt Created,3.483186483,3.250948668,No Data,0,0,0,4.449999809,24.79794884,0,24.21473694,25.80293274,3.417967558,0,3.374206305,3.806894302,73.53847504,73.63232422,0,1,1,1,1,1
156,2021-09-14 15:18:00-04:00,2.906910658,2.939988852,5.75736475,48.85074997,0.025603687,-0.124957077,0,Pt Created,3.515028,3.261117935,No Data,0,0,0,4.449999809,24.79871559,0,24.21558952,25.80292511,3.416310549,0,3.374841928,3.805235863,73.53694916,73.62905121,0,1,1,1,1,1
157,2021-09-14 15:18:30-04:00,2.91217804,2.944368362,5.75736475,48.84986496,0.025493544,-0.125072598,0,Pt Created,3.428323269,3.271287203,No Data,0,0,0,4.449999809,24.79948425,0,24.21644211,25.80291748,3.414653778,0,3.375477552,3.803577185,73.53543091,73.62577057,0,1,1,1,1,1
158,2021-09-14 15:19:00-04:00,2.917445421,2.948747873,5.75736475,48.84897995,0.025383402,-0.125188127,0,Pt Created,3.472611666,3.28145647,No Data,0,0,0,4.449999809,24.80025101,0,24.2172966,25.80290985,3.412996769,0,3.376113176,3.801918745,73.53391266,73.62248993,0,1,1,1,1,1
159,2021-09-14 15:19:30-04:00,2.922712803,2.953127623,5.75736475,48.84809875,0.02527326,-0.125303656,0,Pt Created,3.47401619,3.291625738,No Data,0,0,0,4.449999809,24.80101776,0,24.21814919,25.80290031,3.411339998,0,3.3767488,3.800260067,73.53238678,73.61920929,0,1,1,1,1,1
160,2021-09-14 15:20:00-04:00,2.927980185,2.957507133,5.75736475,48.84721375,0.025163116,-0.12541917,0,Pt Created,3.464640379,3.301795244,No Data,0,0,0,4.449999809,24.80178452,0,24.21900177,25.80289268,3.409683228,0,3.377384424,3.798601389,73.53086853,73.61592865,0,1,1,1,1,1
161,2021-09-14 15:20:30-04:00,2.933247328,2.961886883,5.75736475,48.84632874,0.025052974,-0.125534698,0,Pt Created,3.431540012,3.311964512,No Data,0,0,0,4.449999809,24.80255127,0,24.21985626,25.80288506,3.408026218,0,3.378020287,3.796942949,73.52934265,73.61264801,0,1,1,1,1,1
162,2021-09-14 15:21:00-04:00,2.938514709,2.966266394,5.757364273,48.84544754,0.024942832,-0.125650227,0,Pt Created,3.490799665,3.32213378,No Data,0,0,0,4.449999809,24.80331993,0,24.22070885,25.80287743,3.406369448,0,3.37865591,3.795284271,73.5278244,73.60936737,0,1,1,1,1,1
163,2021-09-14 15:21:30-04:00,2.943782091,2.970645905,5.757364273,48.84456253,0.02483269,-0.125765741,0,Pt Created,3.421633244,3.332303047,No Data,0,0,0,4.449999809,24.80408669,0,24.22156334,25.8028698,3.404712439,0,3.379291534,3.793625593,73.52629852,73.60609436,0,1,1,1,1,1
164,2021-09-14 15:22:00-04:00,2.949049473,2.975025654,5.757364273,48.84367752,0.024722546,-0.12588127,0,Pt Created,3.486783504,3.342472315,No Data,0,0,0,4.449999809,24.80485344,0,24.22241592,25.80286026,3.403055668,0,3.379927158,3.791967154,73.52478027,73.60281372,0,1,1,1,1,1
165,2021-09-14 15:22:30-04:00,2.954316854,2.979405165,5.757364273,48.84279633,0.024612404,-0.125996798,0,Pt Created,3.375907421,3.352641582,No Data,0,0,0,4.449999809,24.80562019,0,24.22326851,25.80285263,3.401398897,0,3.380562782,3.790308475,73.52326202,73.59953308,0,1,1,1,1,1
166,2021-09-14 15:23:00-04:00,2.959584236,2.983784676,5.757364273,48.84191132,0.024502262,-0.126112327,0,Pt Created,3.43824625,3.36281085,No Data,0,0,0,4.449999809,24.80638695,0,24.224123,25.802845,3.399741888,0,3.381198406,3.788650036,73.52173615,73.59625244,0,1,1,1,1,1
167,2021-09-14 15:23:30-04:00,2.964851618,2.988164425,5.757364273,48.84102631,0.024392119,-0.126227841,0,Pt Created,3.464330673,3.372980118,No Data,0,0,0,4.449999809,24.8071537,0,24.22497559,25.80283737,3.398085117,0,3.38183403,3.786991358,73.5202179,73.5929718,0,1,1,1,1,1
168,2021-09-14 15:24:00-04:00,2.970118999,2.992543936,5.757364273,48.8401413,0.024281977,-0.126343369,0,Pt Created,3.417231083,3.383149385,No Data,0,0,0,4.449999809,24.80792236,0,24.22582817,25.80282974,3.396428108,0,3.382469654,3.78533268,73.51869202,73.58969116,0,1,1,1,1,1
169,2021-09-14 15:24:30-04:00,2.975386381,2.996923685,5.757364273,48.8392601,0.024171835,-0.126458898,0,Pt Created,3.470579863,3.393318653,No Data,0,0,0,4.449999809,24.80868912,0,24.22668266,25.80282021,3.394771338,0,3.383105278,3.78367424,73.51717377,73.58641052,0,1,1,1,1,1
170,2021-09-14 15:25:00-04:00,2.980653763,3.001303196,5.757364273,48.83837509,0.024061691,-0.126574412,0,Pt Created,3.414240837,3.403487921,No Data,0,0,0,4.449999809,24.80945587,0,24.22753525,25.80281258,3.393114567,0,3.383740902,3.782015562,73.51565552,73.58313751,0,1,1,1,1,1
171,2021-09-14 15:25:30-04:00,2.985921144,3.005682707,5.757364273,48.83749008,0.023951549,-0.126689941,0,Pt Created,3.507416248,3.413657188,No Data,0,0,0,4.449999809,24.81022263,0,24.22838783,25.80280495,3.391457558,0,3.384376526,3.780356884,73.51412964,73.57985687,0,1,1,1,1,1
172,2021-09-14 15:26:00-04:00,2.991188288,3.010062456,5.757363796,48.83660889,0.023841407,-0.126805469,0,Pt Created,3.410741329,3.423826456,No Data,0,0,0,4.449999809,24.81098938,0,24.22924232,25.80279732,3.389800787,0,3.38501215,3.778698444,73.51261139,73.57657623,0,1,1,1,1,1
173,2021-09-14 15:26:30-04:00,2.996455669,3.014441967,5.757363796,48.83572388,0.023731265,-0.126920983,0,Pt Created,3.509184837,3.433995962,No Data,0,0,0,4.449999809,24.81175804,0,24.23009491,25.80278778,3.388143778,0,3.385648012,3.777039766,73.51108551,73.57329559,0,1,1,1,1,1
174,2021-09-14 15:27:00-04:00,3.001723051,3.018821478,5.757363796,48.83483887,0.023621121,-0.127036512,0,Pt Created,3.516180515,3.44416523,No Data,0,0,0,4.449999809,24.8125248,0,24.23094749,25.80278015,3.386487007,0,3.386283636,3.775381327,73.50956726,73.57001495,0,1,1,1,1,1
175,2021-09-14 15:27:30-04:00,3.006990433,3.023201227,5.757363796,48.83395767,0.023510979,-0.127152041,0,Pt Created,3.467534781,3.454334497,No Data,0,0,0,4.449999809,24.81329155,0,24.23180199,25.80277252,3.384830236,0,3.38691926,3.773722649,73.50804901,73.56673431,0,1,1,1,1,1
176,2021-09-14 15:28:00-04:00,3.012257814,3.027580738,5.757363796,48.83307266,0.023400838,-0.127267554,0,Pt Created,3.460096121,3.464503765,No Data,0,0,0,4.449999809,24.8140583,0,24.23265457,25.80276489,3.383173227,0,3.387554884,3.772063971,73.50652313,73.56345367,0,1,1,1,1,1
177,2021-09-14 15:28:30-04:00,3.017525196,3.031960249,5.757363796,48.83218765,0.023290694,-0.127383083,0,Pt Created,3.485266924,3.474673033,No Data,0,0,0,4.449999809,24.81482506,0,24.23350716,25.80275726,3.381516457,0,3.388190508,3.770405531,73.50500488,73.56018066,0,1,1,1,1,1
178,2021-09-14 15:29:00-04:00,3.022792578,3.036339998,5.757364273,48.83130264,0.023180552,-0.127498612,0,Pt Created,3.557217598,3.4848423,No Data,0,0,0,4.449999809,24.81559181,0,24.23436165,25.80274773,3.379859447,0,3.388826132,3.768746853,73.503479,73.55690002,0,1,1,1,1,1
179,2021-09-14 15:29:30-04:00,3.028059959,3.040719509,5.757364273,48.83042145,0.02307041,-0.127614126,0,Pt Created,3.328588009,3.495011568,No Data,0,0,0,4.449999809,24.81636047,0,24.23521423,25.8027401,3.378202677,0,3.389461756,3.767088175,73.50196075,73.55361938,0,1,1,1,1,1
180,2021-09-14 15:30:00-04:00,3.033327341,3.045099258,5.757364273,48.82953644,0.022960266,-0.127729654,0,Pt Created,3.419382095,3.505180836,No Data,0,0,0,4.449999809,24.81712723,0,24.23606682,25.80273247,3.376545906,0,3.39009738,3.765429735,73.5004425,73.55033875,0,1,1,1,1,1
181,2021-09-14 15:30:30-04:00,3.038594723,3.049478769,5.75736475,48.82865143,0.022850124,-0.127845183,0,Pt Created,3.45729804,3.515350103,No Data,0,0,0,4.449999809,24.81789398,0,24.23692131,25.80272484,3.374888897,0,3.390733004,3.763771057,73.49891663,73.54705811,0,1,1,1,1,1
182,2021-09-14 15:31:00-04:00,3.043862104,3.05385828,5.75736475,48.82777023,0.022739982,-0.127960712,0,Pt Created,3.581035614,3.525519371,No Data,0,0,0,4.449999809,24.81866074,0,24.2377739,25.80271721,3.373232126,0,3.391368628,3.762112617,73.49739838,73.54377747,0,1,1,1,1,1
183,2021-09-14 15:31:30-04:00,3.049129248,3.058238029,5.75736475,48.82688522,0.02262984,-0.128076226,0,Pt Created,3.464411259,3.535688639,No Data,0,0,0,4.449999809,24.81942749,0,24.23862839,25.80270767,3.371575117,0,3.392004251,3.760453939,73.4958725,73.54049683,0,1,1,1,1,1
184,2021-09-14 15:32:00-04:00,3.054396629,3.06261754,5.757365227,48.82600021,0.022519697,-0.128191754,0,Pt Created,3.460766792,3.545857906,No Data,0,0,0,4.449999809,24.82019615,0,24.23948097,25.80270004,3.369918346,0,3.392639875,3.758795261,73.49435425,73.53722382,0,1,1,1,1,1
185,2021-09-14 15:32:30-04:00,0.260198891,0.428048164,5.757365227,48.82511902,0.022409555,-0.128307283,0,Pt Created,-0.007148916,0.635155201,No Data,0,0,0,0,24.82096291,0,24.24033356,25.80269241,3.368261576,0,3.393275499,3.757136822,73.49282837,73.53394318,0,1,1,1,1,1
186,2021-09-14 15:33:00-04:00,0.266103864,0.41828692,5.757365227,48.82423401,0.022299413,-0.128422797,0,Pt Created,-0.103807032,0.556646883,No Data,0,0,0,0,24.82172966,0,24.24118805,25.80268478,3.366604567,0,3.393911362,3.755478144,73.49131012,73.53066254,0,1,1,1,1,1
187,2021-09-14 15:33:30-04:00,0.272008836,0.408525705,5.757365704,48.823349,0.022189269,-0.128538325,0,Pt Created,-0.130375877,0.478138536,No Data,0,0,0,0,24.82249641,0,24.24204063,25.80267715,3.364947796,0,3.394546986,3.753819466,73.48979187,73.5273819,0,1,1,1,1,1
188,2021-09-14 15:34:00-04:00,0.277913809,0.398764461,5.757365704,48.82246399,0.022079127,-0.128653854,0,Pt Created,-0.063383527,0.399630219,No Data,0,0,0,0,24.82326317,0,24.24289322,25.80266762,3.363290787,0,3.39518261,3.752161026,73.48826599,73.52410126,0,1,1,1,1,1
189,2021-09-14 15:34:30-04:00,0.283818781,0.389003217,5.757365704,48.82158279,0.021968985,-0.128769368,0,Pt Created,-0.103449672,0.321121901,No Data,0,0,0,0,24.82403183,0,24.24374771,25.80265999,3.361634016,0,3.395818233,3.750502348,73.48674774,73.52082062,0,1,1,1,1,1
190,2021-09-14 15:35:00-04:00,0.289723754,0.379241973,5.75736618,48.82069778,0.021858841,-0.128884897,0,Pt Created,-0.039609715,0.242613584,No Data,0,0,0,0,24.82479858,0,24.2446003,25.80265236,3.359977245,0,3.396453857,3.748843908,73.48522186,73.51753998,0,1,1,1,1,1
191,2021-09-14 15:35:30-04:00,0.295628726,0.369480759,5.75736618,48.81981277,0.021748699,-0.129000425,0,Pt Created,-0.067885421,0.164105251,No Data,0,0,0,0,24.82556534,0,24.24545288,25.80264473,3.358320236,0,3.397089481,3.74718523,73.48370361,73.51426697,0,1,1,1,1,1
192,2021-09-14 15:36:00-04:00,0.301533699,0.359719515,5.75736618,48.81893158,0.021638557,-0.129115939,0,Pt Created,-0.061497107,0.085596934,No Data,0,0,0,0,24.82633209,0,24.24630737,25.8026371,3.356663465,0,3.397725105,3.745526552,73.48218536,73.51098633,0,1,1,1,1,1
193,2021-09-14 15:36:30-04:00,0.307438672,0.349958271,5.757366657,48.81804657,0.021528415,-0.129231468,0,Pt Created,-0.174115822,0.007088611,No Data,0,0,0,0,24.82709885,0,24.24715996,25.80262756,3.355006456,0,3.398360729,3.743868113,73.48065948,73.50770569,0,1,1,1,1,1
194,2021-09-14 15:37:00-04:00,0.313343644,0.487559319,5.757366657,48.81716156,0.021418272,-0.129346997,0,Pt Created,3.822370768,1.971641183,No Data,0,0,0,4.452292919,24.8278656,0,24.24801254,25.80261993,3.353349686,0,3.398996353,3.742209435,73.47914124,73.50442505,0,1,1,1,1,1
195,2021-09-14 15:37:30-04:00,3.257816315,3.28962779,5.757366657,48.81628036,0.02130813,-0.129462525,0,Pt Created,3.486588001,3.983731985,No Data,0,0,0,4.458025455,24.82863426,0,24.24886703,25.8026123,3.351692915,0,3.399631977,3.740550756,73.47761536,73.50114441,0,1,1,1,1,1
196,2021-09-14 15:38:00-04:00,3.280448198,3.312446833,5.757367134,48.81539536,0.021197988,-0.129578039,0,Pt Created,3.43250227,3.962269306,No Data,0,0,0,4.463757992,24.82940102,0,24.24971962,25.80260468,3.350035906,0,3.400267601,3.738892317,73.47609711,73.49786377,0,1,1,1,1,1
197,2021-09-14 15:38:30-04:00,3.303080082,3.335265875,5.757367134,48.81451035,0.021087844,-0.129693568,0,Pt Created,3.3174119,3.940806627,No Data,0,0,0,4.469490051,24.83016777,0,24.2505722,25.80259514,3.348379135,0,3.400903225,3.737233639,73.47457886,73.49458313,0,1,1,1,1,1
198,2021-09-14 15:39:00-04:00,3.325711966,3.358084917,5.757367134,48.81362534,0.020977702,-0.129809096,0,Pt Created,3.468901634,3.919343948,No Data,0,0,0,4.475222588,24.83093452,0,24.2514267,25.80258751,3.346722126,0,3.401539087,3.735575199,73.47305298,73.49131012,0,1,1,1,1,1
199,2021-09-14 15:39:30-04:00,3.348343849,3.380904198,5.757367611,48.81274414,0.02086756,-0.12992461,0,Pt Created,3.456595182,3.897881269,No Data,0,0,0,4.480955124,24.83170128,0,24.25227928,25.80257988,3.345065355,0,3.402174711,3.733916521,73.47153473,73.48802948,0,1,1,1,1,1
200,2021-09-14 15:40:00-04:00,3.370975733,3.40372324,5.757367611,48.81185913,0.020757416,-0.130040139,0,Pt Created,3.429506779,3.876418591,No Data,0,0,0,4.48668766,24.83246994,0,24.25313187,25.80257225,3.343408585,0,3.402810335,3.732257843,73.47000885,73.48474884,0,1,1,1,1,1
201,2021-09-14 15:40:30-04:00,3.393607616,3.426542282,5.757367611,48.81097412,0.020647274,-0.130155668,0,Pt Created,3.507179737,3.854955912,No Data,0,0,0,4.492420197,24.83323669,0,24.25398636,25.80256462,3.341751575,0,3.403445959,3.730599403,73.4684906,73.4814682,0,1,1,1,1,1
202,2021-09-14 15:41:00-04:00,3.4162395,3.449361324,5.757368088,48.81009293,0.020537132,-0.130271181,0,Pt Created,3.509958506,3.833493233,No Data,0,0,0,4.498152733,24.83400345,0,24.25483894,25.80255508,3.340094805,0,3.404081583,3.728940725,73.46697235,73.47818756,0,1,1,1,1,1
203,2021-09-14 15:41:30-04:00,3.438871384,3.472180605,5.757368088,48.80920792,0.02042699,-0.13038671,0,Pt Created,3.431514263,3.812030792,No Data,0,0,0,4.503885269,24.8347702,0,24.25569344,25.80254745,3.338437796,0,3.404717207,3.727282047,73.46544647,73.47490692,0,1,1,1,1,1
204,2021-09-14 15:42:00-04:00,3.461503267,3.494999647,5.757368088,48.80832291,0.020316847,-0.130502239,0,Pt Created,3.495615244,3.790568113,No Data,0,0,0,4.509617805,24.83553696,0,24.25654602,25.80253983,3.336781025,0,3.405352831,3.725623608,73.46392822,73.47162628,0,1,1,1,1,1
205,2021-09-14 15:42:30-04:00,3.484135151,3.517818689,5.757368565,48.80744171,0.020206705,-0.130617753,0,Pt Created,3.475824356,3.769105434,No Data,0,0,0,4.515350342,24.83630371,0,24.25739861,25.8025322,3.335124254,0,3.405988455,3.72396493,73.46240234,73.46835327,0,1,1,1,1,1
206,2021-09-14 15:43:00-04:00,3.506767035,3.540637732,5.757368565,48.8065567,0.020096563,-0.130733281,0,Pt Created,3.538205624,3.747642756,No Data,0,0,0,4.521082878,24.83707237,0,24.2582531,25.80252457,3.333467245,0,3.406624079,3.72230649,73.46088409,73.46507263,0,1,1,1,1,1
207,2021-09-14 15:43:30-04:00,3.529398918,3.563457012,5.757368565,48.80567169,0.019986419,-0.13084881,0,Pt Created,3.463132381,3.726180077,No Data,0,0,0,4.526815414,24.83783913,0,24.25910568,25.80251503,3.331810474,0,3.407259703,3.720647812,73.45935822,73.46179199,0,1,1,1,1,1
208,2021-09-14 15:44:00-04:00,3.552030802,3.586276054,5.757369041,48.80478668,0.019876277,-0.130964324,0,Pt Created,3.530627728,3.704717398,No Data,0,0,0,4.532547951,24.83860588,0,24.25995827,25.8025074,3.330153465,0,3.407895327,3.718989134,73.45783997,73.45851135,0,1,1,1,1,1
209,2021-09-14 15:44:30-04:00,3.574662685,3.609095097,5.757369041,48.80390549,0.019766135,-0.131079853,0,Pt Created,3.369844913,3.683254719,No Data,0,0,0,4.53828001,24.83937263,0,24.26081276,25.80249977,3.328496695,0,3.408530951,3.717330694,73.45632172,73.45523071,0,1,1,1,1,1
210,2021-09-14 15:45:00-04:00,3.597294569,3.742046118,5.757369041,48.80302048,0.019655991,-0.131195381,0,Pt Created,5.509548664,4.133890152,No Data,0,0,0,6.68599987,24.84013939,0,24.26166534,25.80249214,3.326839924,0,3.409166574,3.715672016,73.45479584,73.45195007,0,1,1,1,1,1
211,2021-09-14 15:45:30-04:00,5.744683743,6.977775097,5.757369518,48.80213547,0.019545849,-0.13131091,0,Pt Created,5.960164547,5.54446888,No Data,0,0,0,7.08020401,24.84090805,0,24.26251793,25.80248451,3.325182915,0,3.409802437,3.714013338,73.45327759,73.44866943,0,1,1,1,1,1
212,2021-09-14 15:46:00-04:00,5.744688988,7.573112011,5.757369518,48.80125427,0.019435707,-0.131426424,0,Pt Created,6.350026131,5.55450201,No Data,0,0,0,7.509859085,24.8416748,0,24.26337242,25.80247498,3.323526144,0,3.410438061,3.712354898,73.45175171,73.44539642,0,1,1,1,1,1
213,2021-09-14 15:46:30-04:00,5.744694233,8.168449402,5.757369518,48.80036926,0.019325566,-0.131541952,0,Pt Created,6.376110554,5.564535141,No Data,0,0,0,7.50880146,24.84244156,0,24.26422501,25.80246735,3.321869135,0,3.411073685,3.71069622,73.45023346,73.44211578,0,1,1,1,1,1
214,2021-09-14 15:47:00-04:00,5.744699478,8.545498848,5.757369995,48.79948425,0.019215422,-0.131657481,0,Pt Created,6.247980595,5.574568272,No Data,0,0,0,7.507743835,24.84320831,0,24.26507759,25.80245972,3.320212364,0,3.411709309,3.709037781,73.44871521,73.43883514,0,1,1,1,1,1
215,2021-09-14 15:47:30-04:00,5.744704723,8.545506477,5.757369995,48.79860306,0.01910528,-0.131772995,0,Pt Created,6.37338686,5.584601402,No Data,0,0,0,7.506686211,24.84397507,0,24.26593208,25.80245209,3.318555593,0,3.412344933,3.707379103,73.44718933,73.4355545,0,1,1,1,1,1
216,2021-09-14 15:48:00-04:00,5.744709969,8.545514107,5.757369995,48.79771805,0.018995138,-0.131888524,0,Pt Created,6.316465855,5.594634533,No Data,0,0,0,7.505628109,24.84474182,0,24.26678467,25.80244446,3.316898584,0,3.412980556,3.705720425,73.44567108,73.43227386,0,1,1,1,1,1
217,2021-09-14 15:48:30-04:00,5.744715214,8.545521736,5.757370472,48.79683304,0.018884994,-0.132004052,0,Pt Created,6.317847729,5.604667187,No Data,0,0,0,7.504570484,24.84551048,0,24.26763725,25.80243492,3.315241814,0,3.41361618,3.704061985,73.4441452,73.42899323,0,1,1,1,1,1
218,2021-09-14 15:49:00-04:00,5.744720459,8.545529366,5.757370472,48.79594803,0.018774852,-0.132119566,0,Pt Created,6.394114494,5.614700317,No Data,0,0,0,7.503512859,24.84627724,0,24.26849174,25.80242729,3.313584805,0,3.414251804,3.702403307,73.44262695,73.42572021,0,1,1,1,1,1
219,2021-09-14 15:49:30-04:00,5.744726181,8.545536995,5.757370472,48.79506683,0.01866471,-0.132235095,0,Pt Created,6.379908562,5.624733448,No Data,0,0,0,7.502455235,24.84704399,0,24.26934433,25.80241966,3.311928034,0,3.414887428,3.700744629,73.4411087,73.42243958,0,1,1,1,1,1
220,2021-09-14 15:50:00-04:00,5.744731426,8.545544624,5.757370949,48.79418182,0.018554566,-0.132350624,0,Pt Created,6.314230919,5.634766579,No Data,0,0,0,7.501397133,24.84781075,0,24.27019691,25.80241203,3.310271263,0,3.415523052,3.699086189,73.43958282,73.41915894,0,1,1,1,1,1
221,2021-09-14 15:50:30-04:00,5.744736671,8.545552254,5.757370949,48.79329681,0.018444424,-0.132466137,0,Pt Created,6.305297852,5.644799709,No Data,0,0,0,7.500339508,24.8485775,0,24.27105141,25.8024025,3.308614254,0,3.416158676,3.697427511,73.43806458,73.4158783,0,1,1,1,1,1
222,2021-09-14 15:51:00-04:00,5.744741917,8.545560837,5.757370949,48.79241562,0.018334283,-0.132581666,0,Pt Created,6.229439259,5.654832363,No Data,0,0,0,7.499281883,24.84934616,0,24.27190399,25.80239487,3.306957483,0,3.4167943,3.695768833,73.4365387,73.41259766,0,1,1,1,1,1
223,2021-09-14 15:51:30-04:00,5.744747162,8.545568466,5.757371426,48.79153061,0.018224141,-0.132697195,0,Pt Created,6.30646801,5.664865494,No Data,0,0,0,7.498224258,24.85011292,0,24.27275848,25.80238724,3.305300474,0,3.417429924,3.694110394,73.43502045,73.40931702,0,1,1,1,1,1
224,2021-09-14 15:52:00-04:00,5.744752407,8.545576096,5.757371426,48.7906456,0.018113997,-0.132812724,0,Pt Created,6.362906933,5.674898624,No Data,0,0,0,7.497166157,24.85087967,0,24.27361107,25.80237961,3.303643703,0,3.418065786,3.692451715,73.43349457,73.40603638,0,1,1,1,1,1
225,2021-09-14 15:52:30-04:00,5.744757652,8.545583725,5.757371426,48.7897644,0.018003855,-0.132928237,0,Pt Created,6.394735336,5.684931755,No Data,0,0,0,7.496108532,24.85164642,0,24.27446365,25.80237198,3.301986933,0,3.41870141,3.690793276,73.43197632,73.40276337,0,1,1,1,1,1
226,2021-09-14 15:53:00-04:00,5.744762897,8.545591354,5.757371902,48.78887939,0.017893713,-0.133043766,0,Pt Created,6.328958511,5.694964886,No Data,0,0,0,7.495050907,24.85241318,0,24.27531815,25.80236244,3.300329924,0,3.419337034,3.689134598,73.43045807,73.39948273,0,1,1,1,1,1
227,2021-09-14 15:53:30-04:00,5.744768143,8.545598984,5.757371902,48.78799438,0.017783569,-0.133159295,0,Pt Created,6.298743248,5.704998016,No Data,0,0,0,7.493993282,24.85317993,0,24.27617073,25.80235481,3.298673153,0,3.419972658,3.68747592,73.42893219,73.39620209,0,1,1,1,1,1
228,2021-09-14 15:54:00-04:00,5.744773388,8.545606613,5.757371902,48.78710938,0.017673427,-0.133274809,0,Pt Created,6.275806427,5.71503067,No Data,0,0,0,7.492935181,24.85394859,0,24.27702332,25.80234718,3.297016144,0,3.420608282,3.68581748,73.42741394,73.39292145,0,1,1,1,1,1
229,2021-09-14 15:54:30-04:00,5.744778633,8.545614243,5.757372379,48.78622818,0.017563285,-0.133390337,0,Pt Created,6.279146194,5.725063801,No Data,0,0,0,7.491877556,24.85471535,0,24.27787781,25.80233955,3.295359373,0,3.421243906,3.684158802,73.42588806,73.38964081,0,1,1,1,1,1
230,2021-09-14 15:55:00-04:00,5.744783878,8.545621872,5.757372379,48.78534317,0.017453142,-0.133505866,0,Pt Created,6.384441376,5.735096931,No Data,0,0,0,7.490819931,24.8554821,0,24.27873039,25.80233192,3.293702602,0,3.42187953,3.682500124,73.42436981,73.38636017,0,1,1,1,1,1
231,2021-09-14 15:55:30-04:00,5.744789124,8.545629501,5.757372379,48.78445816,0.017343,-0.13362138,0,Pt Created,6.272403717,5.745130062,No Data,0,0,0,7.489762306,24.85624886,0,24.27958298,25.80232239,3.292045593,0,3.422515154,3.680841684,73.42285156,73.38307953,0,1,1,1,1,1
232,2021-09-14 15:56:00-04:00,5.744794369,8.545637131,5.757372379,48.78357697,0.017232858,-0.133736908,0,Pt Created,6.302298546,5.755163193,No Data,0,0,0,7.488704205,24.85701561,0,24.28043747,25.80231476,3.290388823,0,3.423150778,3.679183006,73.42132568,73.37980652,0,1,1,1,1,1
233,2021-09-14 15:56:30-04:00,5.744799614,8.54564476,5.757372856,48.78269196,0.017122716,-0.133852437,0,Pt Created,6.339747429,5.765196323,No Data,0,0,0,7.48764658,24.85778427,0,24.28129005,25.80230713,3.288731813,0,3.423786402,3.677524567,73.41980743,73.37652588,0,1,1,1,1,1
234,2021-09-14 15:57:00-04:00,5.744804859,8.54565239,5.757372856,48.78180695,0.017012572,-0.133967951,0,Pt Created,6.246362686,5.775228977,No Data,0,0,0,7.486588955,24.85855103,0,24.28214264,25.8022995,3.287075043,0,3.424422026,3.675865889,73.41828156,73.37324524,0,1,1,1,1,1
235,2021-09-14 15:57:30-04:00,5.744810581,8.545660019,5.757372856,48.78092575,0.01690243,-0.13408348,0,Pt Created,6.297058105,5.785262108,No Data,0,0,0,7.48553133,24.85931778,0,24.28299713,25.80229187,3.285418272,0,3.42505765,3.674207211,73.41676331,73.3699646,0,1,1,1,1,1
236,2021-09-14 15:58:00-04:00,5.744815826,8.545668602,5.757373333,48.78004074,0.016792288,-0.134199008,0,Pt Created,6.239004135,5.795295238,No Data,0,0,0,7.484473228,24.86008453,0,24.28384972,25.80228233,3.283761263,0,3.425693512,3.672548771,73.41524506,73.36668396,0,1,1,1,1,1
237,2021-09-14 15:58:30-04:00,5.744821072,8.545676231,5.757373333,48.77915573,0.016682144,-0.134314522,0,Pt Created,6.26396656,5.805328369,No Data,0,0,0,7.483415604,24.86085129,0,24.2847023,25.8022747,3.282104492,0,3.426329136,3.670890093,73.41371918,73.36340332,0,1,1,1,1,1
238,2021-09-14 15:59:00-04:00,5.744826317,8.545683861,5.757373333,48.77827072,0.016572002,-0.134430051,0,Pt Created,6.226851463,5.8153615,No Data,0,0,0,7.482357979,24.86161804,0,24.28555679,25.80226707,3.280447483,0,3.42696476,3.669231415,73.41220093,73.36012268,0,1,1,1,1,1
239,2021-09-14 15:59:30-04:00,5.744831562,8.54569149,5.75737381,48.77738953,0.01646186,-0.13454558,0,Pt Created,6.200059414,5.825394154,No Data,0,0,0,7.481300354,24.8623867,0,24.28640938,25.80225945,3.278790712,0,3.427600384,3.667572975,73.41067505,73.35684967,0,1,1,1,1,1
240,2021-09-14 16:00:00-04:00,5.744836807,8.54569912,5.75737381,48.77650452,0.016351717,-0.134661108,0,Pt Created,6.352305412,5.835427284,No Data,0,0,0,7.480242252,24.86315346,0,24.28726196,25.80224991,3.277133942,0,3.428236008,3.665914297,73.4091568,73.35356903,0,1,1,1,1,1
241,2021-09-14 16:00:30-04:00,5.744842052,8.545706749,5.75737381,48.77561951,0.016241575,-0.134776622,0,Pt Created,6.297601223,5.845460415,No Data,0,0,0,7.479184628,24.86392021,0,24.28811646,25.80224228,3.275476933,0,3.428871632,3.664255857,73.40763855,73.35028839,0,1,1,1,1,1
242,2021-09-14 16:01:00-04:00,5.744847298,8.545714378,5.757374287,48.77473831,0.016131433,-0.134892151,0,Pt Created,6.244590759,5.855493546,No Data,0,0,0,7.478127003,24.86468697,0,24.28896904,25.80223465,3.273820162,0,3.429507256,3.662597179,73.40611267,73.34700775,0,1,1,1,1,1
243,2021-09-14 16:01:30-04:00,5.744852543,8.545722008,5.757374287,48.7738533,0.016021291,-0.135007679,0,Pt Created,6.243174553,5.865526676,No Data,0,0,0,7.477069378,24.86545372,0,24.28982353,25.80222702,3.272163153,0,3.430142879,3.660938501,73.40459442,73.34372711,0,1,1,1,1,1
244,2021-09-14 16:02:00-04:00,5.744857788,8.545729637,5.757374287,48.77296829,0.015911147,-0.135123193,0,Pt Created,6.31163311,5.875559807,No Data,0,0,0,7.476011753,24.86622238,0,24.29067612,25.80221939,3.270506382,0,3.430778503,3.659280062,73.40306854,73.34044647,0,1,1,1,1,1
245,2021-09-14 16:02:30-04:00,5.744863033,8.545737267,5.757374763,48.7720871,0.015801005,-0.135238722,0,Pt Created,6.343158722,5.885592461,No Data,0,0,0,7.474953651,24.86698914,0,24.2915287,25.80220985,3.268849611,0,3.431414127,3.657621384,73.40155029,73.33716583,0,1,1,1,1,1
246,2021-09-14 16:03:00-04:00,5.744868279,8.545744896,5.757374763,48.77120209,0.015690863,-0.135354251,0,Pt Created,6.329138756,5.895625591,No Data,0,0,0,7.473896027,24.86775589,0,24.29238319,25.80220222,3.267192602,0,3.432049751,3.655962706,73.40002441,73.33389282,0,1,1,1,1,1
247,2021-09-14 16:03:30-04:00,5.744873524,8.545752525,5.757374763,48.77031708,0.01558072,-0.135469764,0,Pt Created,6.34645462,5.905658722,No Data,0,0,0,7.472838402,24.86852264,0,24.29323578,25.8021946,3.265535831,0,3.432685375,3.654304266,73.39850616,73.33061218,0,1,1,1,1,1
248,2021-09-14 16:04:00-04:00,5.744878769,8.545760155,5.75737524,48.76943207,0.015470577,-0.135585293,0,Pt Created,6.326431751,5.915691853,No Data,0,0,0,7.471780777,24.8692894,0,24.29408836,25.80218697,3.263878822,0,3.433320999,3.652645588,73.39698792,73.32733154,0,1,1,1,1,1
249,2021-09-14 16:04:30-04:00,5.744884014,8.545767784,5.75737524,48.76855087,0.015360435,-0.135700822,0,Pt Created,6.216114998,5.925724983,No Data,0,0,0,7.470722675,24.87005806,0,24.29494286,25.80217934,3.262222052,0,3.433956861,3.650987148,73.39546204,73.3240509,0,1,1,1,1,1
250,2021-09-14 16:05:00-04:00,5.744889736,8.545776367,5.75737524,48.76766586,0.015250293,-0.135816336,0,Pt Created,6.259393215,5.935758114,No Data,0,0,0,7.469665051,24.87082481,0,24.29579544,25.8021698,3.260565281,0,3.434592485,3.64932847,73.39394379,73.32077026,0,1,1,1,1,1
251,2021-09-14 16:05:30-04:00,5.744894981,8.545783997,5.757375717,48.76678085,0.01514015,-0.135931864,0,Pt Created,6.282718658,5.945790768,No Data,0,0,0,7.468607426,24.87159157,0,24.29664803,25.80216217,3.258908272,0,3.435228109,3.647669792,73.39241791,73.31748962,0,1,1,1,1,1
252,2021-09-14 16:06:00-04:00,5.744900227,8.545791626,5.757375717,48.76589966,0.015030008,-0.136047393,0,Pt Created,6.336993217,5.955823898,No Data,0,0,0,7.467549801,24.87235832,0,24.29750252,25.80215454,3.257251501,0,3.435863733,3.646011353,73.39089966,73.31420898,0,1,1,1,1,1
253,2021-09-14 16:06:30-04:00,5.744905472,8.545799255,5.757375717,48.76501465,0.014919865,-0.136162922,0,Pt Created,6.257669926,5.965857029,No Data,0,0,0,7.466491699,24.87312508,0,24.2983551,25.80214691,3.255594492,0,3.436499357,3.644352674,73.38938141,73.31093597,0,1,1,1,1,1
254,2021-09-14 16:07:00-04:00,5.744910717,8.545806885,5.757376194,48.76412964,0.014809722,-0.136278436,0,Pt Created,6.269293308,5.97589016,No Data,0,0,0,7.465434074,24.87389183,0,24.29920769,25.80213928,3.253937721,0,3.437134981,3.642693996,73.38785553,73.30765533,0,1,1,1,1,1
255,2021-09-14 16:07:30-04:00,5.744915962,8.545814514,5.757376194,48.76324844,0.01469958,-0.136393964,0,Pt Created,6.259024143,5.98592329,No Data,0,0,0,7.46437645,24.87466049,0,24.30006218,25.80212975,3.252280951,0,3.437770605,3.641035557,73.38633728,73.30437469,0,1,1,1,1,1
256,2021-09-14 16:08:00-04:00,5.744921207,8.545822144,5.757376194,48.76236343,0.014589437,-0.136509493,0,Pt Created,6.197860718,5.995955944,No Data,0,0,0,7.463318825,24.87542725,0,24.30091476,25.80212212,3.250623941,0,3.438406229,3.639376879,73.3848114,73.30109406,0,1,1,1,1,1
257,2021-09-14 16:08:30-04:00,5.744926453,8.545829773,5.757376671,48.76147842,0.014479295,-0.136625007,0,Pt Created,6.298640251,6.005989075,No Data,0,0,0,7.462260723,24.876194,0,24.30176735,25.80211449,3.248967171,0,3.439041853,3.637718439,73.38329315,73.29781342,0,1,1,1,1,1
258,2021-09-14 16:09:00-04:00,5.744931698,8.545837402,5.757376671,48.76059723,0.014369152,-0.136740535,0,Pt Created,6.295215607,6.016022205,No Data,0,0,0,7.461203098,24.87696075,0,24.30262184,25.80210686,3.247310162,0,3.439677477,3.636059761,73.3817749,73.29453278,0,1,1,1,1,1
259,2021-09-14 16:09:30-04:00,5.744936943,8.545845032,5.757376671,48.75971222,0.01425901,-0.136856064,0,Pt Created,6.235015869,6.026055336,No Data,0,0,0,7.460145473,24.87772751,0,24.30347443,25.80209923,3.245653391,0,3.440313101,3.634401083,73.38024902,73.29125214,0,1,1,1,1,1
260,2021-09-14 16:10:00-04:00,5.744942188,8.545852661,5.757377148,48.75882721,0.014148868,-0.136971578,0,Pt Created,6.311362743,6.036088467,No Data,0,0,0,7.459087849,24.87849617,0,24.30432701,25.80208969,3.24399662,0,3.440948725,3.632742643,73.37873077,73.28797913,0,1,1,1,1,1
261,2021-09-14 16:10:30-04:00,5.744947433,8.545860291,5.757377148,48.7579422,0.014038725,-0.137087107,0,Pt Created,6.285552025,6.046121597,No Data,0,0,0,7.458029747,24.87926292,0,24.3051815,25.80208206,3.242339611,0,3.441584349,3.631083965,73.3772049,73.28469849,0,1,1,1,1,1
262,2021-09-14 16:11:00-04:00,5.744952679,8.54586792,5.757377148,48.757061,0.013928583,-0.137202635,0,Pt Created,6.285823345,6.056154251,No Data,0,0,0,7.456972122,24.88002968,0,24.30603409,25.80207443,3.24068284,0,3.442220211,3.629425287,73.37568665,73.28141785,0,1,1,1,1,1
263,2021-09-14 16:11:30-04:00,5.744957924,8.545875549,5.757377625,48.75617599,0.01381844,-0.137318149,0,Pt Created,6.34253931,6.066187382,No Data,0,0,0,7.455914497,24.88079643,0,24.30688858,25.8020668,3.239025831,0,3.442855835,3.627766848,73.3741684,73.27813721,0,1,1,1,1,1
264,2021-09-14 16:12:00-04:00,5.744963169,8.545884132,5.757377625,48.75529099,0.013708297,-0.137433678,0,Pt Created,6.212126255,6.076220512,No Data,0,0,0,7.454856873,24.88156319,0,24.30774117,25.80205727,3.237369061,0,3.443491459,3.62610817,73.37264252,73.27485657,0,1,1,1,1,1
265,2021-09-14 16:12:30-04:00,5.744968891,8.545891762,5.757377625,48.75440979,0.013598155,-0.137549207,0,Pt Created,6.427257061,6.086253643,No Data,0,0,0,7.453798771,24.88232994,0,24.30859375,25.80204964,3.23571229,0,3.444127083,3.62444973,73.37112427,73.27157593,0,1,1,1,1,1
266,2021-09-14 16:13:00-04:00,5.744974136,8.545899391,5.757378101,48.7535553,0.013488012,-0.13766472,0,Pt Created,6.17909193,6.096286774,No Data,0,0,0,7.452741146,24.8830986,0,24.30944824,25.80204201,3.234055281,0,3.444762707,3.622791052,73.36959839,73.26829529,0,1,1,1,1,1
267,2021-09-14 16:13:30-04:00,5.744979382,8.545907021,5.757378101,48.75270462,0.01337787,-0.137780249,0,Pt Created,6.277389526,6.106319904,No Data,0,0,0,7.451683521,24.88386536,0,24.31030083,25.80203438,3.23239851,0,3.445398331,3.621132374,73.36808014,73.26502228,0,1,1,1,1,1
268,2021-09-14 16:14:00-04:00,5.744984627,8.54591465,5.757378101,48.75185776,0.013267728,-0.137895778,0,Pt Created,6.30745554,6.116352558,No Data,0,0,0,7.450625896,24.88463211,0,24.31115341,25.80202675,3.230741501,0,3.446033955,3.619473934,73.36655426,73.26174164,0,1,1,1,1,1
269,2021-09-14 16:14:30-04:00,5.744989872,8.545922279,5.757378578,48.75100708,0.013157585,-0.138011307,0,Pt Created,6.315294266,6.126385689,No Data,0,0,0,7.449567795,24.88539886,0,24.3120079,25.80201721,3.22908473,0,3.446669579,3.617815256,73.36503601,73.258461,0,1,1,1,1,1
270,2021-09-14 16:15:00-04:00,5.744995117,8.545929909,5.757378578,48.75016022,0.013047443,-0.13812682,0,Pt Created,6.308278084,6.136418819,No Data,0,0,0,7.44851017,24.88616562,0,24.31286049,25.80200958,3.227427959,0,3.447305202,3.616156578,73.36351776,73.25518036,0,1,1,1,1,1
271,2021-09-14 16:15:30-04:00,5.745000362,8.545937538,5.757378578,48.74930954,0.0129373,-0.138242349,0,Pt Created,6.29375267,6.14645195,No Data,0,0,0,7.447452545,24.88693428,0,24.31371307,25.80200195,3.22577095,0,3.447940826,3.614498138,73.36199188,73.25189972,0,1,1,1,1,1
272,2021-09-14 16:16:00-04:00,5.745005608,8.545945168,5.757379055,48.74846268,0.012827158,-0.138357878,0,Pt Created,6.355491638,6.156485081,No Data,0,0,0,7.44639492,24.88770103,0,24.31456757,25.80199432,3.22411418,0,3.44857645,3.61283946,73.36047363,73.24861908,0,1,1,1,1,1
273,2021-09-14 16:16:30-04:00,5.745010853,8.545952797,5.757379055,48.747612,0.012717015,-0.138473392,0,Pt Created,6.312545776,6.166517735,No Data,0,0,0,7.445337296,24.88846779,0,24.31542015,25.80198669,3.22245717,0,3.449212074,3.611181021,73.35894775,73.24533844,0,1,1,1,1,1
274,2021-09-14 16:17:00-04:00,5.745016098,8.545960426,5.757379055,48.74676514,0.012606872,-0.13858892,0,Pt Created,6.270198822,6.176550865,No Data,0,0,0,7.444279194,24.88923454,0,24.31627274,25.80197716,3.2208004,0,3.449847937,3.609522343,73.3574295,73.24206543,0,1,1,1,1,1
275,2021-09-14 16:17:30-04:00,5.745021343,8.545968056,5.757379532,48.74591827,0.01249673,-0.138704449,0,Pt Created,6.264024734,6.186583996,No Data,0,0,0,7.443221569,24.8900013,0,24.31712723,25.80196953,3.219143629,0,3.450483561,3.607863665,73.35591125,73.23878479,0,1,1,1,1,1
276,2021-09-14 16:18:00-04:00,5.745026588,8.545975685,5.757379532,48.7450676,0.012386587,-0.138819963,0,Pt Created,6.372036457,6.196617126,No Data,0,0,0,7.442163944,24.89076805,0,24.31797981,25.8019619,3.21748662,0,3.451119184,3.606205225,73.35438538,73.23550415,0,1,1,1,1,1
277,2021-09-14 16:18:30-04:00,5.745031834,8.545983315,5.757379532,48.74422073,0.012276446,-0.138935491,0,Pt Created,6.317090511,6.206650257,No Data,0,0,0,7.441106319,24.89153671,0,24.3188324,25.80195427,3.215829849,0,3.451754808,3.604546547,73.35286713,73.23222351,0,1,1,1,1,1
278,2021-09-14 16:19:00-04:00,5.745037079,8.545991898,5.757380009,48.74337006,0.012166303,-0.13905102,0,Pt Created,6.225209713,6.216683388,No Data,0,0,0,7.440048218,24.89230347,0,24.31968689,25.80194664,3.21417284,0,3.452390432,3.602887869,73.35134125,73.22894287,0,1,1,1,1,1
279,2021-09-14 16:19:30-04:00,5.745042324,8.545999527,5.757380009,48.74252319,0.01205616,-0.139166534,0,Pt Created,6.264728546,6.226716042,No Data,0,0,0,7.438990593,24.89307022,0,24.32053947,25.8019371,3.212516069,0,3.453026056,3.601229429,73.349823,73.22566223,0,1,1,1,1,1
280,2021-09-14 16:20:00-04:00,5.745047569,8.546007156,5.757380009,48.74167252,0.011946018,-0.139282063,0,Pt Created,6.27487278,6.236749172,No Data,0,0,0,7.437932968,24.89383698,0,24.32139206,25.80192947,3.210859299,0,3.45366168,3.599570751,73.34830475,73.22238922,0,1,1,1,1,1
281,2021-09-14 16:20:30-04:00,5.745053291,8.546014786,5.757380486,48.74082565,0.011835875,-0.139397591,0,Pt Created,6.29863739,6.246782303,No Data,0,0,0,7.436875343,24.89460373,0,24.32224655,25.80192184,3.20920229,0,3.454297304,3.597912312,73.34677887,73.21910858,0,1,1,1,1,1
282,2021-09-14 16:21:00-04:00,5.745058537,8.546022415,5.757380486,48.73997498,0.011725733,-0.13951312,0,Pt Created,6.391066551,6.256815434,No Data,0,0,0,7.435817242,24.89537239,0,24.32309914,25.80191422,3.207545519,0,3.454932928,3.596253633,73.34526062,73.21582794,0,1,1,1,1,1
283,2021-09-14 16:21:30-04:00,5.745063782,8.546030045,5.757380486,48.73912811,0.01161559,-0.139628634,0,Pt Created,6.292060375,6.266848564,No Data,0,0,0,7.434759617,24.89613914,0,24.32395363,25.80190659,3.20588851,0,3.455568552,3.594594955,73.34373474,73.2125473,0,1,1,1,1,1
284,2021-09-14 16:22:00-04:00,5.745069027,8.546037674,5.757380962,48.73827744,0.011505447,-0.139744163,0,Pt Created,6.306307316,6.276881695,No Data,0,0,0,7.433701992,24.8969059,0,24.32480621,25.80189705,3.204231739,0,3.456204176,3.592936516,73.34221649,73.20926666,0,1,1,1,1,1
285,2021-09-14 16:22:30-04:00,5.745074272,8.546045303,5.757380962,48.73743057,0.011395305,-0.139859691,0,Pt Created,6.345508099,6.286914349,No Data,0,0,0,7.432644367,24.89767265,0,24.3256588,25.80188942,3.202574968,0,3.4568398,3.591277838,73.34069061,73.20598602,0,1,1,1,1,1
286,2021-09-14 16:23:00-04:00,5.745079517,8.546052933,5.757380962,48.73658371,0.011285163,-0.139975205,0,Pt Created,6.269915581,6.296947479,No Data,0,0,0,7.431586266,24.89843941,0,24.32651329,25.80188179,3.200917959,0,3.457475424,3.58961916,73.33917236,73.20270538,0,1,1,1,1,1
287,2021-09-14 16:23:30-04:00,5.745084763,8.546060562,5.757381439,48.73573303,0.011175021,-0.140090734,0,Pt Created,6.254014015,6.30698061,No Data,0,0,0,7.430528641,24.89920616,0,24.32736588,25.80187416,3.199261189,0,3.458111286,3.58796072,73.33765411,73.19943237,0,1,1,1,1,1
288,2021-09-14 16:24:00-04:00,5.745090008,7.741170883,5.757381439,48.73488617,0.011064878,-0.140206262,0,Pt Created,0.215939671,3.404429674,No Data,0,0,0,0,24.89997482,0,24.32821846,25.80186462,3.197604179,0,3.45874691,3.586302042,73.33612823,73.19615173,0,1,1,1,1,1
289,2021-09-14 16:24:30-04:00,0.561900556,0.640225887,5.757381439,48.73403549,0.010954735,-0.140321776,0,Pt Created,-0.185263902,0.492692024,No Data,0,0,0,0,24.90074158,0,24.32907295,25.80185699,3.195947409,0,3.459382534,3.584643602,73.33460999,73.19287109,0,0,0,0,0,0
290,2021-09-14 16:25:00-04:00,0.749252498,0.844695926,5.757381916,48.73318863,0.010844593,-0.140437305,0,Pt Created,-0.229634106,0.491701275,No Data,0,0,0,0,24.90150833,0,24.32992554,25.80184937,3.194290638,0,3.460018158,3.582984924,73.33308411,73.18959045,0,0,0,0,0,0
291,2021-09-14 16:25:30-04:00,0.93660444,1.049165964,5.757381916,48.73233795,0.01073445,-0.140552834,0,Pt Created,-0.185892031,0.490710527,No Data,0,0,0,0,24.90227509,0,24.33077812,25.80184174,3.192633629,0,3.460653782,3.581326246,73.33156586,73.18630981,0,0,0,0,0,0
292,2021-09-14 16:26:00-04:00,1.123956442,1.253636122,5.757381916,48.73149109,0.010624308,-0.140668347,0,Pt Created,-0.130900308,0.489719778,No Data,0,0,0,0,24.90304184,0,24.33163261,25.80183411,3.190976858,0,3.461289406,3.579667807,73.33004761,73.18302917,0,0,0,0,0,0
293,2021-09-14 16:26:30-04:00,1.311308384,1.45810616,5.757382393,48.73064041,0.010514165,-0.140783876,0,Pt Created,-0.135046273,0.488729,No Data,0,0,0,0,24.9038105,0,24.3324852,25.80182457,3.189319849,0,3.46192503,3.578009129,73.32852173,73.17974854,0,0,0,0,0,0
294,2021-09-14 16:27:00-04:00,1.498660326,1.662576199,5.757382393,48.72979355,0.010404022,-0.140899405,0,Pt Created,-0.150183693,0.487738252,No Data,0,0,0,0,24.90457726,0,24.33333778,25.80181694,3.187663078,0,3.462560654,3.576350451,73.32700348,73.17647552,0,0,0,0,0,0
295,2021-09-14 16:27:30-04:00,1.686012268,1.867046237,5.757382393,48.72894669,0.01029388,-0.141014919,0,Pt Created,-0.175746709,0.486747503,No Data,0,0,0,0,24.90534401,0,24.33419228,25.80180931,3.186006308,0,3.463196278,3.574692011,73.3254776,73.17319489,0,0,0,0,0,0
296,2021-09-14 16:28:00-04:00,1.87336421,2.071516275,5.75738287,48.72809601,0.010183738,-0.141130447,0,Pt Created,-0.106277451,0.485756755,No Data,0,0,0,0,24.90611076,0,24.33504486,25.80180168,3.184349298,0,3.463831902,3.573033333,73.32395935,73.16991425,0,0,0,0,0,0
297,2021-09-14 16:28:30-04:00,2.060716152,2.275986433,5.75738287,48.72724915,0.010073596,-0.141245976,0,Pt Created,-0.145604849,0.484765977,No Data,0,0,0,0,24.90687752,0,24.33589745,25.80179405,3.182692528,0,3.464467525,3.571374893,73.3224411,73.16663361,0,0,0,0,0,0
298,2021-09-14 16:29:00-04:00,2.248068094,2.480456352,5.75738287,48.72639847,0.009963453,-0.141361505,0,Pt Created,-0.135053426,0.483775228,No Data,0,0,0,0,24.90764427,0,24.33675194,25.80178452,3.181035519,0,3.465103149,3.569716215,73.32091522,73.16335297,0,0,0,0,0,0
299,2021-09-14 16:29:30-04:00,2.435420036,2.68492651,5.757383347,48.72555161,0.00985331,-0.141477019,0,Pt Created,-0.151006669,0.48278448,No Data,0,0,0,0,24.90841293,0,24.33760452,25.80177689,3.179378748,0,3.465738773,3.568057537,73.31939697,73.16007233,0,0,0,0,0,0
300,2021-09-14 16:30:00-04:00,2.622771978,2.889396667,5.757383347,48.72470093,0.009743168,-0.141592547,0,Pt Created,-0.140462518,0.481793731,No Data,0,0,0,0,24.90917969,0,24.33845711,25.80176926,3.177721977,0,3.466374636,3.566399097,73.31787109,73.15679169,0,0,0,0,0,0
301,2021-09-14 16:30:30-04:00,2.81012392,3.093866587,5.757383347,48.72385406,0.009633025,-0.141708076,0,Pt Created,-0.114196122,0.480802953,No Data,0,0,0,0,24.90994644,0,24.3393116,25.80176163,3.176064968,0,3.46701026,3.564740419,73.31635284,73.15351868,0,0,0,0,0,0
302,2021-09-14 16:31:00-04:00,2.997475863,3.298336744,5.757383823,48.72300339,0.009522883,-0.14182359,0,Pt Created,-0.093659237,0.479812205,No Data,0,0,0,0,24.9107132,0,24.34016418,25.801754,3.174408197,0,3.467645884,3.563081741,73.31483459,73.15023804,0,0,0,0,0,0
303,2021-09-14 16:31:30-04:00,3.184827805,3.502806664,5.757383823,48.72215652,0.00941274,-0.141939119,0,Pt Created,-0.131655276,0.478821456,No Data,0,0,0,0,24.91147995,0,24.34101868,25.80174446,3.172751188,0,3.468281507,3.561423302,73.31330872,73.1469574,0,0,0,0,0,0
304,2021-09-14 16:32:00-04:00,3.372179747,3.707276821,5.757383823,48.72130585,0.009302597,-0.142054647,0,Pt Created,-0.153897047,0.477830708,No Data,0,0,0,0,24.91224861,0,24.34187126,25.80173683,3.171094418,0,3.468917131,3.559764624,73.31179047,73.14367676,0,0,0,0,0,0
305,2021-09-14 16:32:30-04:00,3.559531689,3.911746979,5.7573843,48.72045898,0.009192456,-0.142170161,0,Pt Created,-0.144768134,0.47683993,No Data,0,0,0,0,24.91301537,0,24.34272385,25.8017292,3.169437647,0,3.469552755,3.558105946,73.31026459,73.14039612,0,0,0,0,0,0
306,2021-09-14 16:33:00-04:00,3.746883869,4.116217136,5.7573843,48.71961212,0.009082313,-0.14228569,0,Pt Created,-0.233593345,0.475849181,No Data,0,0,0,0,24.91378212,0,24.34357834,25.80172157,3.167780638,0,3.470188379,3.556447506,73.30874634,73.13711548,0,0,0,0,0,0
307,2021-09-14 16:33:30-04:00,3.934235811,4.320686817,5.7573843,48.71876144,0.008972171,-0.142401218,0,Pt Created,-0.095605269,0.474858433,No Data,0,0,0,0,24.91454887,0,24.34443092,25.80171394,3.166123867,0,3.470824003,3.554788828,73.30722046,73.13383484,0,0,0,0,0,0
308,2021-09-14 16:34:00-04:00,4.121587753,4.525156975,5.757384777,48.71791458,0.008862028,-0.142516732,0,Pt Created,-0.186442256,0.473867685,No Data,0,0,0,0,24.91531563,0,24.34528351,25.80170441,3.164466858,0,3.471459627,3.553130388,73.30570221,73.13056183,0,0,0,0,0,0
309,2021-09-14 16:34:30-04:00,4.308939457,4.729627132,5.757384777,48.7170639,0.008751885,-0.142632261,0,Pt Created,-0.21637243,0.472876936,No Data,0,0,0,0,24.91608429,0,24.346138,25.80169678,3.162810087,0,3.472095251,3.55147171,73.30418396,73.12728119,0,0,0,0,0,0
310,2021-09-14 16:35:00-04:00,4.496291637,4.93409729,5.757384777,48.71621704,0.008641743,-0.14274779,0,Pt Created,-0.135820925,0.471886158,No Data,0,0,0,0,24.91685104,0,24.34699059,25.80168915,3.161153316,0,3.472730875,3.549813032,73.30265808,73.12400055,0,0,0,0,0,0
311,2021-09-14 16:35:30-04:00,4.683643341,5.138567448,5.757384777,48.71536636,0.0085316,-0.142863318,0,Pt Created,-0.151565388,0.47089541,No Data,0,0,0,0,24.9176178,0,24.34784317,25.80168152,3.159496307,0,3.473366499,3.548154593,73.30113983,73.12071991,0,0,0,0,0,0
312,2021-09-14 16:36:00-04:00,4.870995522,5.343037128,5.757385254,48.7145195,0.008421458,-0.142978832,0,Pt Created,-0.060697276,0.469904661,No Data,0,0,0,0,24.91838455,0,24.34869766,25.80167198,3.157839537,0,3.474002361,3.546495914,73.29961395,73.11743927,0,0,0,0,0,0
313,2021-09-14 16:36:30-04:00,5.058347225,5.547507286,5.757385254,48.71366882,0.008311315,-0.143094361,0,Pt Created,-0.122578785,0.468913913,No Data,0,0,0,0,24.91915131,0,24.34955025,25.80166435,3.156182528,0,3.474637985,3.544837236,73.2980957,73.11415863,0,0,0,0,0,0
314,2021-09-14 16:37:00-04:00,5.245699406,5.751977444,5.757385254,48.71282196,0.008201173,-0.14320989,0,Pt Created,-0.208613515,0.467923135,No Data,0,0,0,0,24.91991806,0,24.35040283,25.80165672,3.154525757,0,3.475273609,3.543178797,73.29657745,73.11087799,0,0,0,0,0,0
315,2021-09-14 16:37:30-04:00,5.433051109,5.956447601,5.757385731,48.71197128,0.008091031,-0.143325403,0,Pt Created,-0.127109021,0.466932386,No Data,0,0,0,0,24.92068672,0,24.35125732,25.80164909,3.152868986,0,3.475909233,3.541520119,73.29505157,73.10760498,0,0,0,0,0,0
316,2021-09-14 16:38:00-04:00,5.62040329,6.160917759,5.757385731,48.71112442,0.007980888,-0.143440932,0,Pt Created,-0.083404258,0.465941638,No Data,0,0,0,0,24.92145348,0,24.35210991,25.80164146,3.151211977,0,3.476544857,3.539861679,73.29353333,73.10432434,0,0,0,0,0,0
317,2021-09-14 16:38:30-04:00,5.745305061,6.36538744,5.757385731,48.71027756,0.007870746,-0.143556461,0,Pt Created,-0.107988521,0.464950889,No Data,0,0,0,0,24.92222023,0,24.35296249,25.80163193,3.149555206,0,3.477180481,3.538203001,73.29200745,73.1010437,0,0,0,0,0,0
318,2021-09-14 16:39:00-04:00,5.745305538,6.569857597,5.757386208,48.70942688,0.007760603,-0.143671975,0,Pt Created,-0.158388287,0.463960111,No Data,0,0,0,0,24.92298698,0,24.35381699,25.8016243,3.147898197,0,3.477816105,3.536544323,73.2904892,73.09776306,0,0,0,0,0,0
319,2021-09-14 16:39:30-04:00,5.745306492,6.774327755,5.757386208,48.70858002,0.007650461,-0.143787503,0,Pt Created,-0.120890282,0.462969363,No Data,0,0,0,0,24.92375374,0,24.35466957,25.80161667,3.146241426,0,3.478451729,3.534885883,73.28897095,73.09448242,0,0,0,0,0,0
320,2021-09-14 16:40:00-04:00,5.745307446,6.978797913,5.757386208,48.70772934,0.007540318,-0.143903032,0,Pt Created,-0.132510215,0.461978614,No Data,0,0,0,0,24.9245224,0,24.35552216,25.80160904,3.144584656,0,3.479087353,3.533227205,73.28744507,73.09120178,0,0,0,0,0,0
321,2021-09-14 16:40:30-04:00,5.745308399,7.18326807,5.757386684,48.70688248,0.007430175,-0.144018546,0,Pt Created,-0.126709417,0.460987866,No Data,0,0,0,0,24.92528915,0,24.35637665,25.80160141,3.142927647,0,3.479722977,3.531568527,73.28592682,73.08792114,0,0,0,0,0,0
322,2021-09-14 16:41:00-04:00,5.745309353,7.387737751,5.757386684,48.7060318,0.007320033,-0.144134074,0,Pt Created,-0.157117531,0.459997088,No Data,0,0,0,0,24.92605591,0,24.35722923,25.80159187,3.141270876,0,3.480358601,3.529910088,73.28440094,73.08464813,0,0,0,0,0,0
323,2021-09-14 16:41:30-04:00,5.74530983,7.592207909,5.757386684,48.70518494,0.007209891,-0.144249603,0,Pt Created,-0.018888731,0.459006339,No Data,0,0,0,0,24.92682266,0,24.35808372,25.80158424,3.139613867,0,3.480994225,3.52825141,73.28288269,73.08136749,0,0,0,0,0,0
324,2021-09-14 16:42:00-04:00,5.745310783,7.796678066,5.757387161,48.70433426,0.007099748,-0.144365117,0,Pt Created,-0.111127004,0.458015591,No Data,0,0,0,0,24.92758942,0,24.35893631,25.80157661,3.137957096,0,3.481629848,3.52659297,73.28136444,73.07808685,0,0,0,0,0,0
325,2021-09-14 16:42:30-04:00,5.745311737,8.001148224,5.757387161,48.7034874,0.006989606,-0.144480646,0,Pt Created,-0.137003392,0.457024843,No Data,0,0,0,0,24.92835617,0,24.35978889,25.80156898,3.136300325,0,3.482265711,3.524934292,73.27983856,73.07480621,0,0,0,0,0,0
326,2021-09-14 16:43:00-04:00,5.745312691,8.205617905,5.757387161,48.70263672,0.006879463,-0.144596174,0,Pt Created,-0.208589256,0.456034064,No Data,0,0,0,0,24.92912483,0,24.36064339,25.80156136,3.134643316,0,3.482901335,3.523275614,73.27832031,73.07152557,0,0,0,0,0,0
327,2021-09-14 16:43:30-04:00,5.745313644,8.410088539,5.757387638,48.70178986,0.00676932,-0.144711703,0,Pt Created,-0.075441778,0.455043316,No Data,0,0,0,0,24.92989159,0,24.36149597,25.80155182,3.132986546,0,3.483536959,3.521617174,73.27679443,73.06824493,0,0,0,0,0,0
328,2021-09-14 16:44:00-04:00,5.745314121,8.61455822,5.757387638,48.70094299,0.006659178,-0.144827217,0,Pt Created,-0.097393766,0.454052567,No Data,0,0,0,0,24.93065834,0,24.36234856,25.80154419,3.131329536,0,3.484172583,3.519958496,73.27527618,73.06496429,0,0,0,0,0,0
329,2021-09-14 16:44:30-04:00,5.745315075,8.819027901,5.757387638,48.70009232,0.006549036,-0.144942746,0,Pt Created,-0.029676387,0.453061819,No Data,0,0,0,0,24.93142509,0,24.36320305,25.80153656,3.129672766,0,3.484808207,3.518299818,73.27375031,73.06169128,0,0,0,0,0,0
330,2021-09-14 16:45:00-04:00,5.745316029,9.023498535,5.757388115,48.69924545,0.006438893,-0.145058274,0,Pt Created,-0.152044207,0.452071041,No Data,0,0,0,0,24.93219185,0,24.36405563,25.80152893,3.128015995,0,3.48544383,3.516641378,73.27223206,73.05841064,0,0,0,0,0,0
331,2021-09-14 16:45:30-04:00,5.745316982,9.227968216,5.757388115,48.69839478,0.00632875,-0.145173788,0,Pt Created,-0.101055473,0.451080292,No Data,0,0,0,0,24.93296051,0,24.36490822,25.8015213,3.126358986,0,3.486079454,3.5149827,73.27071381,73.05513,0,0,0,0,0,0
332,2021-09-14 16:46:00-04:00,5.745317936,9.43243885,5.757388115,48.69754791,0.006218608,-0.145289317,0,Pt Created,-0.177289248,0.450089544,No Data,0,0,0,0,24.93372726,0,24.36576271,25.80151176,3.124702215,0,3.486715078,3.513324261,73.26918793,73.05184937,0,0,0,0,0,0
333,2021-09-14 16:46:30-04:00,5.745318413,9.636908531,5.757388592,48.69669724,0.006108466,-0.145404845,0,Pt Created,-0.114555821,0.449098796,No Data,0,0,0,0,24.93449402,0,24.3666153,25.80150414,3.123045206,0,3.487350702,3.511665583,73.26766968,73.04856873,0,0,0,0,0,0
334,2021-09-14 16:47:00-04:00,5.745319366,9.841378212,5.757388592,48.69585037,0.005998323,-0.145520359,0,Pt Created,-0.062404625,0.448108017,No Data,0,0,0,0,24.93526077,0,24.36746788,25.80149651,3.121388435,0,3.487986326,3.510006905,73.2661438,73.04528809,0,0,0,0,0,0
335,2021-09-14 16:47:30-04:00,5.74532032,10.04584885,5.757388592,48.69499969,0.00588818,-0.145635888,0,Pt Created,-0.143925995,0.447117269,No Data,0,0,0,0,24.93602753,0,24.36832237,25.80148888,3.119731665,0,3.48862195,3.508348465,73.26462555,73.04200745,0,0,0,0,0,0
336,2021-09-14 16:48:00-04:00,5.745321274,10.25031853,5.757389069,48.69415283,0.005778038,-0.145751417,0,Pt Created,-0.181779325,0.446126521,No Data,0,0,0,0,24.93679428,0,24.36917496,25.80147934,3.118074656,0,3.489257574,3.506689787,73.2631073,73.03873444,0,0,0,0,0,0
337,2021-09-14 16:48:30-04:00,5.745321751,10.45478916,5.757389069,48.69330597,0.005667896,-0.14586693,0,Pt Created,-0.133797973,0.445135772,No Data,0,0,0,0,24.93756294,0,24.37002754,25.80147171,3.116417885,0,3.489893436,3.505031109,73.26158142,73.0354538,0,0,0,0,0,0
338,2021-09-14 16:49:00-04:00,5.745322704,10.65925884,5.757389069,48.69245529,0.005557753,-0.145982459,0,Pt Created,-0.139980823,0.444144994,No Data,0,0,0,0,24.9383297,0,24.37088203,25.80146408,3.114760876,0,3.49052906,3.503372669,73.26006317,73.03217316,0,0,0,0,0,0
339,2021-09-14 16:49:30-04:00,5.745323658,10.86372852,5.757389545,48.69160843,0.005447611,-0.146097988,0,Pt Created,-0.159251362,0.443154246,No Data,0,0,0,0,24.93909645,0,24.37173462,25.80145645,3.113104105,0,3.491164684,3.501713991,73.25853729,73.02889252,0,0,0,0,0,0
340,2021-09-14 16:50:00-04:00,5.745324612,11.06819916,5.757389545,48.69075775,0.005337468,-0.146213517,0,Pt Created,-0.08342956,0.442163497,No Data,0,0,0,0,24.9398632,0,24.3725872,25.80144882,3.111447334,0,3.491800308,3.500055552,73.25701904,73.02561188,0,0,0,0,0,0
341,2021-09-14 16:50:30-04:00,5.745325565,11.27266884,5.757389545,48.68991089,0.005227325,-0.14632903,0,Pt Created,-0.132422969,0.441172749,No Data,0,0,0,0,24.94062996,0,24.3734417,25.80143929,3.109790325,0,3.492435932,3.498396873,73.25550079,73.02233124,0,0,0,0,0,0
342,2021-09-14 16:51:00-04:00,5.745326042,11.47713947,5.757390022,48.68906021,0.005117183,-0.146444559,0,Pt Created,-0.028050594,0.440181971,No Data,0,0,0,0,24.94139862,0,24.37429428,25.80143166,3.108133554,0,3.493071556,3.496738195,73.25397491,73.01905823,0,0,0,0,0,0
343,2021-09-14 16:51:30-04:00,5.745326996,11.68160915,5.757390022,48.68821335,0.005007041,-0.146560088,0,Pt Created,-0.169616789,0.439191222,No Data,0,0,0,0,24.94216537,0,24.37514877,25.80142403,3.106476784,0,3.49370718,3.495079756,73.25245667,73.01577759,0,0,0,0,0,0
344,2021-09-14 16:52:00-04:00,5.74532795,11.88607883,5.757390022,48.68736267,0.004896898,-0.146675602,0,Pt Created,-0.169482827,0.438200474,No Data,0,0,0,0,24.94293213,0,24.37600136,25.8014164,3.104819775,0,3.494342804,3.493421078,73.25093079,73.01249695,0,0,0,0,0,0
345,2021-09-14 16:52:30-04:00,5.745328903,12.09054947,5.757390499,48.68651581,0.004786755,-0.14679113,0,Pt Created,-0.108105548,0.437209725,No Data,0,0,0,0,24.94369888,0,24.37685394,25.80140877,3.103163004,0,3.494978428,3.4917624,73.24941254,73.00921631,0,0,0,0,0,0
346,2021-09-14 16:53:00-04:00,5.745329857,12.29501915,5.757390499,48.68566513,0.004676613,-0.146906659,0,Pt Created,-0.21348007,0.436218947,No Data,0,0,0,0,24.94446564,0,24.37770844,25.80139923,3.101505995,0,3.495614052,3.49010396,73.24789429,73.00593567,0,0,0,0,0,0
347,2021-09-14 16:53:30-04:00,5.745330334,12.49948978,5.757390499,48.68481827,0.004566471,-0.147022173,0,Pt Created,-0.141683891,0.435228199,No Data,0,0,0,0,24.94523239,0,24.37856102,25.8013916,3.099849224,0,3.496249676,3.488445282,73.24636841,73.00265503,0,0,0,0,0,0
348,2021-09-14 16:54:00-04:00,5.745331287,12.70395947,5.757390976,48.68397141,0.004456328,-0.147137702,0,Pt Created,-0.063872397,0.43423745,No Data,0,0,0,0,24.94600105,0,24.3794136,25.80138397,3.098192453,0,3.4968853,3.486786842,73.24485016,72.99937439,0,0,0,0,0,0
349,2021-09-14 16:54:30-04:00,5.745332241,12.90842915,5.757390976,48.68312073,0.004346186,-0.14725323,0,Pt Created,-0.099123247,0.433246702,No Data,0,0,0,0,24.94676781,0,24.3802681,25.80137634,3.096535444,0,3.497520924,3.485128164,73.24332428,72.99610138,0,0,0,0,0,0
350,2021-09-14 16:55:00-04:00,5.745333195,13.11289978,5.757390976,48.68227386,0.004236043,-0.147368744,0,Pt Created,-0.089607261,0.432255924,No Data,0,0,0,0,24.94753456,0,24.38112068,25.80136871,3.094878674,0,3.498156786,3.483469486,73.24180603,72.99282074,0,0,0,0,0,0
351,2021-09-14 16:55:30-04:00,5.745334148,13.31736946,5.757391453,48.68142319,0.004125901,-0.147484273,0,Pt Created,-0.122931592,0.431265175,No Data,0,0,0,0,24.94830132,0,24.38197327,25.80135918,3.093221664,0,3.49879241,3.481811047,73.24028015,72.9895401,0,0,0,0,0,0
352,2021-09-14 16:56:00-04:00,5.745334625,13.5218401,5.757391453,48.68057632,0.004015758,-0.147599801,0,Pt Created,-0.081550591,0.430274427,No Data,0,0,0,0,24.94906807,0,24.38282776,25.80135155,3.091564894,0,3.499428034,3.480152369,73.2387619,72.98625946,0,0,0,0,0,0
353,2021-09-14 16:56:30-04:00,5.745335579,13.72630978,5.757391453,48.67972565,0.003905616,-0.147715315,0,Pt Created,-0.132510602,0.429283679,No Data,0,0,0,0,24.94983673,0,24.38368034,25.80134392,3.089908123,0,3.500063658,3.47849369,73.23724365,72.98297882,0,0,0,0,0,0
354,2021-09-14 16:57:00-04:00,5.745336533,13.93077946,5.75739193,48.67887878,0.003795473,-0.147830844,0,Pt Created,-0.269283652,0.4282929,No Data,0,0,0,0,24.95060349,0,24.38453293,25.80133629,3.088251114,0,3.500699282,3.476835251,73.23571777,72.97969818,0,0,0,0,0,0
355,2021-09-14 16:57:30-04:00,5.745337486,14.13525009,5.75739193,48.67802811,0.003685331,-0.147946373,0,Pt Created,-0.12152873,0.427302152,No Data,0,0,0,0,24.95137024,0,24.38538742,25.80132866,3.086594343,0,3.501334906,3.475176573,73.23419952,72.97641754,0,0,0,0,0,0
356,2021-09-14 16:58:00-04:00,5.74533844,14.33971977,5.75739193,48.67718124,0.003575188,-0.148061901,0,Pt Created,-0.108659647,0.426311404,No Data,0,0,0,0,24.95213699,0,24.38624001,25.80131912,3.084937334,0,3.50197053,3.473518133,73.23267365,72.97314453,0,0,0,0,0,0
357,2021-09-14 16:58:30-04:00,5.745338917,14.54419041,5.757392406,48.67633057,0.003465046,-0.148177415,0,Pt Created,-0.106496654,0.425320655,No Data,0,0,0,0,24.95290375,0,24.38709259,25.80131149,3.083280563,0,3.502606153,3.471859455,73.2311554,72.96986389,0,0,0,0,0,0
358,2021-09-14 16:59:00-04:00,5.74533987,14.74866009,5.757392406,48.6754837,0.003354903,-0.148292944,0,Pt Created,-0.186787724,0.424329877,No Data,0,0,0,0,24.9536705,0,24.38794708,25.80130386,3.081623793,0,3.503241777,3.470200777,73.22963715,72.96658325,0,0,0,0,0,0
359,2021-09-14 16:59:30-04:00,5.745340824,14.95312977,5.757392406,48.67463684,0.003244761,-0.148408473,0,Pt Created,-0.13372764,0.423339128,No Data,0,0,0,0,24.95443916,0,24.38879967,25.80129623,3.079966784,0,3.503877401,3.468542337,73.22811127,72.96330261,0,0,0,0,0,0
360,2021-09-14 17:00:00-04:00,5.745341778,15.1576004,5.757392883,48.67378616,0.003134618,-0.148523986,0,Pt Created,-0.174003556,0.42234838,No Data,0,0,0,0,24.95520592,0,24.38965225,25.8012867,3.078310013,0,3.504513025,3.466883659,73.22659302,72.96002197,0,0,0,0,0,0
